=== xcode ===
Xcode 26.6
Build version 17F113
ProductName:		macOS
ProductVersion:		26.6.2
BuildVersion:		25G83
/Applications/Xcode_26.0.1.app
/Applications/Xcode_26.0.app
/Applications/Xcode_26.1.1.app
/Applications/Xcode_26.1.app
/Applications/Xcode_26.2.0.app
/Applications/Xcode_26.2.app
/Applications/Xcode_26.3.0.app
/Applications/Xcode_26.3.app
/Applications/Xcode_26.4.1.app
/Applications/Xcode_26.4.app
/Applications/Xcode_26.5.0.app
/Applications/Xcode_26.5.app
/Applications/Xcode_26.6.0.app
/Applications/Xcode_26.6.app
/Applications/Xcode.app
=== zig === 17:26:23
Using Zig 0.16.0
0.16.0
=== tests === 17:26:37
tests passed
=== GhosttyKit === 17:27:24
=== xcodebuild === 17:31:34
Command line invocation:
    /Applications/Xcode_26.6.app/Contents/Developer/usr/bin/xcodebuild -list -project Ghostty.xcodeproj

Resolve Package Graph

Fetching from https://github.com/sparkle-project/Sparkle (cached)

Creating working copy of package ‘Sparkle’

Checking out 2.9.6 of package ‘Sparkle’


Resolved source packages:
  Sparkle: https://github.com/sparkle-project/Sparkle @ 2.9.6

Information about project "Ghostty":
    Targets:
        Ghostty
        DockTilePlugin
        GhosttyTests
        GhosttyUITests

    Build Configurations:
        Debug
        Release
        ReleaseLocal

    If no build configuration is specified and -scheme is not passed then "ReleaseLocal" is used.

    Schemes:
        DockTilePlugin
        Ghostty

Command line invocation:
    /Applications/Xcode_26.6.app/Contents/Developer/usr/bin/xcodebuild -scheme Ghostty -configuration ReleaseLocal ARCHS=arm64 ONLY_ACTIVE_ARCH=YES COMPILATION_CACHE_ENABLE_CACHING=YES COMPILATION_CACHE_CAS_PATH=/Users/runner/Library/Developer/Xcode/DerivedData/CompilationCache.noindex COMPILATION_CACHE_KEEP_CAS_DIRECTORY=YES CODE_SIGN_IDENTITY=- CODE_SIGNING_REQUIRED=NO -derivedDataPath /Users/runner/work/_temp/DerivedData

Build settings from command line:
    ARCHS = arm64
    CODE_SIGN_IDENTITY = -
    CODE_SIGNING_REQUIRED = NO
    COMPILATION_CACHE_CAS_PATH = /Users/runner/Library/Developer/Xcode/DerivedData/CompilationCache.noindex
    COMPILATION_CACHE_ENABLE_CACHING = YES
    COMPILATION_CACHE_KEEP_CAS_DIRECTORY = YES
    ONLY_ACTIVE_ARCH = YES

Resolve Package Graph

Fetching from https://github.com/sparkle-project/Sparkle (cached)

Creating working copy of package ‘Sparkle’

Checking out 2.9.6 of package ‘Sparkle’


Resolved source packages:
  Sparkle: https://github.com/sparkle-project/Sparkle @ 2.9.6

--- xcodebuild: WARNING: Using the first of multiple matching destinations:
{ platform:macOS, arch:arm64, id:752953e5a5c2b8b37e252421385361bbe9e5555f, name:My Mac }
{ platform:macOS, arch:x86_64, id:752953e5a5c2b8b37e252421385361bbe9e5555f, name:My Mac }
{ platform:macOS, name:Any Mac }
note: Using codesigning identity override: -
ComputePackagePrebuildTargetDependencyGraph

Prepare packages

CreateBuildRequest

SendProjectDescription

CreateBuildOperation

ComputeTargetDependencyGraph
note: Building targets in dependency order
note: Target dependency graph (3 targets)
    Target 'Ghostty' in project 'Ghostty'
        ➜ Explicit dependency on target 'DockTilePlugin' in project 'Ghostty'
        ➜ Explicit dependency on target 'Sparkle' in project 'Sparkle'
    Target 'Sparkle' in project 'Sparkle' (no dependencies)
    Target 'DockTilePlugin' in project 'Ghostty' (no dependencies)

GatherProvisioningInputs

CreateBuildDescription

ExecuteExternalTool /Applications/Xcode_26.6.app/Contents/Developer/usr/bin/actool --version --output-format xml1

ExecuteExternalTool /Applications/Xcode_26.6.app/Contents/Developer/Toolchains/XcodeDefault.xctoolchain/usr/bin/clang -v -E -dM -isysroot /Applications/Xcode_26.6.app/Contents/Developer/Platforms/MacOSX.platform/Developer/SDKs/MacOSX26.5.sdk -x c -c /dev/null

ExecuteExternalTool /Applications/Xcode_26.6.app/Contents/Developer/usr/bin/ibtool --version --output-format xml1

ExecuteExternalTool /Applications/Xcode_26.6.app/Contents/Developer/Toolchains/XcodeDefault.xctoolchain/usr/bin/clang -v -E -dM -arch arm64 -isysroot /Applications/Xcode_26.6.app/Contents/Developer/Platforms/MacOSX.platform/Developer/SDKs/MacOSX26.5.sdk -x objective-c -c /dev/null

ExecuteExternalTool /Applications/Xcode_26.6.app/Contents/Developer/Toolchains/XcodeDefault.xctoolchain/usr/bin/clang -v -E -dM -arch arm64 -isysroot /Applications/Xcode_26.6.app/Contents/Developer/Platforms/MacOSX.platform/Developer/SDKs/MacOSX26.5.sdk -x c -c /dev/null

ExecuteExternalTool /Applications/Xcode_26.6.app/Contents/Developer/Toolchains/XcodeDefault.xctoolchain/usr/bin/swiftc --version

ExecuteExternalTool /Applications/Xcode_26.6.app/Contents/Developer/Toolchains/XcodeDefault.xctoolchain/usr/bin/ld -version_details

Build description signature: 28e464765922e2cd52dc72a0dc7ced5f
Build description path: /Users/runner/work/_temp/DerivedData/Build/Intermediates.noindex/XCBuildData/28e464765922e2cd52dc72a0dc7ced5f.xcbuilddata
ValidateCAS /Users/runner/Library/Developer/Xcode/DerivedData/CompilationCache.noindex/builtin /Applications/Xcode_26.6.app/Contents/Developer/Toolchains/XcodeDefault.xctoolchain/usr/bin/llvm-cas
validated successfully

WriteAuxiliaryFile /Users/runner/work/_temp/DerivedData/Build/Intermediates.noindex/Sparkle.build/ReleaseLocal/Sparkle.build/.cas-config
    cd /Users/runner/work/ghostty-pixel-scroll/ghostty-pixel-scroll/macos/Ghostty.xcodeproj
    write-file /Users/runner/work/_temp/DerivedData/Build/Intermediates.noindex/Sparkle.build/ReleaseLocal/Sparkle.build/.cas-config

WriteAuxiliaryFile /Users/runner/work/_temp/DerivedData/Build/Intermediates.noindex/Ghostty.build/ReleaseLocal/Ghostty.build/.cas-config
    cd /Users/runner/work/ghostty-pixel-scroll/ghostty-pixel-scroll/macos/Ghostty.xcodeproj
    write-file /Users/runner/work/_temp/DerivedData/Build/Intermediates.noindex/Ghostty.build/ReleaseLocal/Ghostty.build/.cas-config

WriteAuxiliaryFile /Users/runner/work/_temp/DerivedData/Build/Intermediates.noindex/Ghostty.build/ReleaseLocal/DockTilePlugin.build/.cas-config
    cd /Users/runner/work/ghostty-pixel-scroll/ghostty-pixel-scroll/macos/Ghostty.xcodeproj
    write-file /Users/runner/work/_temp/DerivedData/Build/Intermediates.noindex/Ghostty.build/ReleaseLocal/DockTilePlugin.build/.cas-config

ClangStatCache /Applications/Xcode_26.6.app/Contents/Developer/Toolchains/XcodeDefault.xctoolchain/usr/bin/clang-stat-cache /Applications/Xcode_26.6.app/Contents/Developer/Platforms/MacOSX.platform/Developer/SDKs/MacOSX26.5.sdk /Users/runner/work/_temp/DerivedData/SDKStatCaches.noindex/macosx26.5-25F70-688ef53f1462e2c8f657fdc38a81448fee0e6409aa6676c5e6c013d148225433.sdkstatcache
    cd /Users/runner/work/ghostty-pixel-scroll/ghostty-pixel-scroll/macos/Ghostty.xcodeproj
    /Applications/Xcode_26.6.app/Contents/Developer/Toolchains/XcodeDefault.xctoolchain/usr/bin/clang-stat-cache /Applications/Xcode_26.6.app/Contents/Developer/Platforms/MacOSX.platform/Developer/SDKs/MacOSX26.5.sdk -o /Users/runner/work/_temp/DerivedData/SDKStatCaches.noindex/macosx26.5-25F70-688ef53f1462e2c8f657fdc38a81448fee0e6409aa6676c5e6c013d148225433.sdkstatcache

CreateBuildDirectory /Users/runner/work/_temp/DerivedData/Build/Products
    cd /Users/runner/work/ghostty-pixel-scroll/ghostty-pixel-scroll/macos/Ghostty.xcodeproj
    builtin-create-build-directory /Users/runner/work/_temp/DerivedData/Build/Products

CreateBuildDirectory /Users/runner/work/_temp/DerivedData/Build/Intermediates.noindex
    cd /Users/runner/work/ghostty-pixel-scroll/ghostty-pixel-scroll/macos/Ghostty.xcodeproj
    builtin-create-build-directory /Users/runner/work/_temp/DerivedData/Build/Intermediates.noindex

WriteAuxiliaryFile /Users/runner/work/_temp/DerivedData/Build/Intermediates.noindex/Ghostty.build/ReleaseLocal/Ghostty-29a20d31f492178bd931158c703f4ce2-VFS/all-product-headers.yaml
    cd /Users/runner/work/ghostty-pixel-scroll/ghostty-pixel-scroll/macos/Ghostty.xcodeproj
    write-file /Users/runner/work/_temp/DerivedData/Build/Intermediates.noindex/Ghostty.build/ReleaseLocal/Ghostty-29a20d31f492178bd931158c703f4ce2-VFS/all-product-headers.yaml

CreateBuildDirectory /Users/runner/work/_temp/DerivedData/Build/Products/ReleaseLocal
    cd /Users/runner/work/ghostty-pixel-scroll/ghostty-pixel-scroll/macos/Ghostty.xcodeproj
    builtin-create-build-directory /Users/runner/work/_temp/DerivedData/Build/Products/ReleaseLocal

CreateBuildDirectory /Users/runner/work/_temp/DerivedData/Build/Intermediates.noindex/SwiftExplicitPrecompiledModules
    cd /Users/runner/work/ghostty-pixel-scroll/ghostty-pixel-scroll/macos/Ghostty.xcodeproj
    builtin-create-build-directory /Users/runner/work/_temp/DerivedData/Build/Intermediates.noindex/SwiftExplicitPrecompiledModules

CreateBuildDirectory /Users/runner/work/_temp/DerivedData/Build/Intermediates.noindex/ExplicitPrecompiledModules
    cd /Users/runner/work/ghostty-pixel-scroll/ghostty-pixel-scroll/macos/Ghostty.xcodeproj
    builtin-create-build-directory /Users/runner/work/_temp/DerivedData/Build/Intermediates.noindex/ExplicitPrecompiledModules

CreateBuildDirectory /Users/runner/work/_temp/DerivedData/Build/Intermediates.noindex/EagerLinkingTBDs/ReleaseLocal
    cd /Users/runner/work/ghostty-pixel-scroll/ghostty-pixel-scroll/macos/Ghostty.xcodeproj
    builtin-create-build-directory /Users/runner/work/_temp/DerivedData/Build/Intermediates.noindex/EagerLinkingTBDs/ReleaseLocal

WriteAuxiliaryFile /Users/runner/work/_temp/DerivedData/Build/Intermediates.noindex/Ghostty.build/ReleaseLocal/DockTilePlugin.build/empty-DockTilePlugin.plist (in target 'DockTilePlugin' from project 'Ghostty')
    cd /Users/runner/work/ghostty-pixel-scroll/ghostty-pixel-scroll/macos
    write-file /Users/runner/work/_temp/DerivedData/Build/Intermediates.noindex/Ghostty.build/ReleaseLocal/DockTilePlugin.build/empty-DockTilePlugin.plist

WriteAuxiliaryFile /Users/runner/work/_temp/DerivedData/Build/Intermediates.noindex/Ghostty.build/ReleaseLocal/DockTilePlugin.build/Objects-normal/arm64/DockTilePlugin_const_extract_protocols.json (in target 'DockTilePlugin' from project 'Ghostty')
    cd /Users/runner/work/ghostty-pixel-scroll/ghostty-pixel-scroll/macos
    write-file /Users/runner/work/_temp/DerivedData/Build/Intermediates.noindex/Ghostty.build/ReleaseLocal/DockTilePlugin.build/Objects-normal/arm64/DockTilePlugin_const_extract_protocols.json

WriteAuxiliaryFile /Users/runner/work/_temp/DerivedData/Build/Intermediates.noindex/Ghostty.build/ReleaseLocal/DockTilePlugin.build/Objects-normal/arm64/DockTilePlugin.SwiftFileList (in target 'DockTilePlugin' from project 'Ghostty')
    cd /Users/runner/work/ghostty-pixel-scroll/ghostty-pixel-scroll/macos
    write-file /Users/runner/work/_temp/DerivedData/Build/Intermediates.noindex/Ghostty.build/ReleaseLocal/DockTilePlugin.build/Objects-normal/arm64/DockTilePlugin.SwiftFileList

WriteAuxiliaryFile /Users/runner/work/_temp/DerivedData/Build/Intermediates.noindex/Ghostty.build/ReleaseLocal/DockTilePlugin.build/Objects-normal/arm64/DockTilePlugin.SwiftConstValuesFileList (in target 'DockTilePlugin' from project 'Ghostty')
    cd /Users/runner/work/ghostty-pixel-scroll/ghostty-pixel-scroll/macos
    write-file /Users/runner/work/_temp/DerivedData/Build/Intermediates.noindex/Ghostty.build/ReleaseLocal/DockTilePlugin.build/Objects-normal/arm64/DockTilePlugin.SwiftConstValuesFileList

WriteAuxiliaryFile /Users/runner/work/_temp/DerivedData/Build/Intermediates.noindex/Ghostty.build/ReleaseLocal/DockTilePlugin.build/Objects-normal/arm64/DockTilePlugin.LinkFileList (in target 'DockTilePlugin' from project 'Ghostty')
    cd /Users/runner/work/ghostty-pixel-scroll/ghostty-pixel-scroll/macos
    write-file /Users/runner/work/_temp/DerivedData/Build/Intermediates.noindex/Ghostty.build/ReleaseLocal/DockTilePlugin.build/Objects-normal/arm64/DockTilePlugin.LinkFileList

WriteAuxiliaryFile /Users/runner/work/_temp/DerivedData/Build/Intermediates.noindex/Ghostty.build/ReleaseLocal/DockTilePlugin.build/Objects-normal/arm64/DockTilePlugin-OutputFileMap.json (in target 'DockTilePlugin' from project 'Ghostty')
    cd /Users/runner/work/ghostty-pixel-scroll/ghostty-pixel-scroll/macos
    write-file /Users/runner/work/_temp/DerivedData/Build/Intermediates.noindex/Ghostty.build/ReleaseLocal/DockTilePlugin.build/Objects-normal/arm64/DockTilePlugin-OutputFileMap.json

WriteAuxiliaryFile /Users/runner/work/_temp/DerivedData/Build/Intermediates.noindex/Ghostty.build/ReleaseLocal/DockTilePlugin.build/DockTilePlugin.hmap (in target 'DockTilePlugin' from project 'Ghostty')
    cd /Users/runner/work/ghostty-pixel-scroll/ghostty-pixel-scroll/macos
    write-file /Users/runner/work/_temp/DerivedData/Build/Intermediates.noindex/Ghostty.build/ReleaseLocal/DockTilePlugin.build/DockTilePlugin.hmap

WriteAuxiliaryFile /Users/runner/work/_temp/DerivedData/Build/Intermediates.noindex/Ghostty.build/ReleaseLocal/DockTilePlugin.build/DockTilePlugin.DependencyStaticMetadataFileList (in target 'DockTilePlugin' from project 'Ghostty')
    cd /Users/runner/work/ghostty-pixel-scroll/ghostty-pixel-scroll/macos
    write-file /Users/runner/work/_temp/DerivedData/Build/Intermediates.noindex/Ghostty.build/ReleaseLocal/DockTilePlugin.build/DockTilePlugin.DependencyStaticMetadataFileList

WriteAuxiliaryFile /Users/runner/work/_temp/DerivedData/Build/Intermediates.noindex/Ghostty.build/ReleaseLocal/DockTilePlugin.build/DockTilePlugin.DependencyMetadataFileList (in target 'DockTilePlugin' from project 'Ghostty')
    cd /Users/runner/work/ghostty-pixel-scroll/ghostty-pixel-scroll/macos
    write-file /Users/runner/work/_temp/DerivedData/Build/Intermediates.noindex/Ghostty.build/ReleaseLocal/DockTilePlugin.build/DockTilePlugin.DependencyMetadataFileList

WriteAuxiliaryFile /Users/runner/work/_temp/DerivedData/Build/Intermediates.noindex/Ghostty.build/ReleaseLocal/DockTilePlugin.build/DockTilePlugin-project-headers.hmap (in target 'DockTilePlugin' from project 'Ghostty')
    cd /Users/runner/work/ghostty-pixel-scroll/ghostty-pixel-scroll/macos
    write-file /Users/runner/work/_temp/DerivedData/Build/Intermediates.noindex/Ghostty.build/ReleaseLocal/DockTilePlugin.build/DockTilePlugin-project-headers.hmap

WriteAuxiliaryFile /Users/runner/work/_temp/DerivedData/Build/Intermediates.noindex/Ghostty.build/ReleaseLocal/DockTilePlugin.build/DockTilePlugin-own-target-headers.hmap (in target 'DockTilePlugin' from project 'Ghostty')
    cd /Users/runner/work/ghostty-pixel-scroll/ghostty-pixel-scroll/macos
    write-file /Users/runner/work/_temp/DerivedData/Build/Intermediates.noindex/Ghostty.build/ReleaseLocal/DockTilePlugin.build/DockTilePlugin-own-target-headers.hmap

WriteAuxiliaryFile /Users/runner/work/_temp/DerivedData/Build/Intermediates.noindex/Ghostty.build/ReleaseLocal/DockTilePlugin.build/DockTilePlugin-generated-files.hmap (in target 'DockTilePlugin' from project 'Ghostty')
    cd /Users/runner/work/ghostty-pixel-scroll/ghostty-pixel-scroll/macos
    write-file /Users/runner/work/_temp/DerivedData/Build/Intermediates.noindex/Ghostty.build/ReleaseLocal/DockTilePlugin.build/DockTilePlugin-generated-files.hmap

WriteAuxiliaryFile /Users/runner/work/_temp/DerivedData/Build/Intermediates.noindex/Ghostty.build/ReleaseLocal/DockTilePlugin.build/DockTilePlugin-all-target-headers.hmap (in target 'DockTilePlugin' from project 'Ghostty')
    cd /Users/runner/work/ghostty-pixel-scroll/ghostty-pixel-scroll/macos
    write-file /Users/runner/work/_temp/DerivedData/Build/Intermediates.noindex/Ghostty.build/ReleaseLocal/DockTilePlugin.build/DockTilePlugin-all-target-headers.hmap

WriteAuxiliaryFile /Users/runner/work/_temp/DerivedData/Build/Intermediates.noindex/Ghostty.build/ReleaseLocal/DockTilePlugin.build/DockTilePlugin-all-non-framework-target-headers.hmap (in target 'DockTilePlugin' from project 'Ghostty')
    cd /Users/runner/work/ghostty-pixel-scroll/ghostty-pixel-scroll/macos
    write-file /Users/runner/work/_temp/DerivedData/Build/Intermediates.noindex/Ghostty.build/ReleaseLocal/DockTilePlugin.build/DockTilePlugin-all-non-framework-target-headers.hmap

MkDir /Users/runner/work/_temp/DerivedData/Build/Products/ReleaseLocal/DockTilePlugin.plugin/Contents/Resources (in target 'DockTilePlugin' from project 'Ghostty')
    cd /Users/runner/work/ghostty-pixel-scroll/ghostty-pixel-scroll/macos
    /bin/mkdir -p /Users/runner/work/_temp/DerivedData/Build/Products/ReleaseLocal/DockTilePlugin.plugin/Contents/Resources

MkDir /Users/runner/work/_temp/DerivedData/Build/Products/ReleaseLocal/DockTilePlugin.plugin/Contents/MacOS (in target 'DockTilePlugin' from project 'Ghostty')
    cd /Users/runner/work/ghostty-pixel-scroll/ghostty-pixel-scroll/macos
    /bin/mkdir -p /Users/runner/work/_temp/DerivedData/Build/Products/ReleaseLocal/DockTilePlugin.plugin/Contents/MacOS

MkDir /Users/runner/work/_temp/DerivedData/Build/Products/ReleaseLocal/DockTilePlugin.plugin/Contents (in target 'DockTilePlugin' from project 'Ghostty')
    cd /Users/runner/work/ghostty-pixel-scroll/ghostty-pixel-scroll/macos
    /bin/mkdir -p /Users/runner/work/_temp/DerivedData/Build/Products/ReleaseLocal/DockTilePlugin.plugin/Contents

MkDir /Users/runner/work/_temp/DerivedData/Build/Products/ReleaseLocal/DockTilePlugin.plugin (in target 'DockTilePlugin' from project 'Ghostty')
    cd /Users/runner/work/ghostty-pixel-scroll/ghostty-pixel-scroll/macos
    /bin/mkdir -p /Users/runner/work/_temp/DerivedData/Build/Products/ReleaseLocal/DockTilePlugin.plugin

ProcessXCFramework /Users/runner/work/ghostty-pixel-scroll/ghostty-pixel-scroll/macos/GhosttyKit.xcframework /Users/runner/work/_temp/DerivedData/Build/Products/ReleaseLocal/libghostty-internal.a macos
    cd /Users/runner/work/ghostty-pixel-scroll/ghostty-pixel-scroll/macos/Ghostty.xcodeproj
    builtin-process-xcframework --xcframework /Users/runner/work/ghostty-pixel-scroll/ghostty-pixel-scroll/macos/GhosttyKit.xcframework --platform macos --target-path /Users/runner/work/_temp/DerivedData/Build/Products/ReleaseLocal

ProcessXCFramework /Users/runner/work/_temp/DerivedData/SourcePackages/artifacts/sparkle/Sparkle/Sparkle.xcframework /Users/runner/work/_temp/DerivedData/Build/Products/ReleaseLocal/Sparkle.framework macos
    cd /Users/runner/work/ghostty-pixel-scroll/ghostty-pixel-scroll/macos/Ghostty.xcodeproj
    builtin-process-xcframework --xcframework /Users/runner/work/_temp/DerivedData/SourcePackages/artifacts/sparkle/Sparkle/Sparkle.xcframework --platform macos --target-path /Users/runner/work/_temp/DerivedData/Build/Products/ReleaseLocal

CreateBuildDirectory /Users/runner/work/_temp/DerivedData/Build/Products/ReleaseLocal/PackageFrameworks
    cd /Users/runner/work/ghostty-pixel-scroll/ghostty-pixel-scroll/macos/Ghostty.xcodeproj
    builtin-create-build-directory /Users/runner/work/_temp/DerivedData/Build/Products/ReleaseLocal/PackageFrameworks

MkDir /Users/runner/work/_temp/DerivedData/Build/Intermediates.noindex/Ghostty.build/ReleaseLocal/DockTilePlugin.build/assetcatalog_output/unthinned (in target 'DockTilePlugin' from project 'Ghostty')
    cd /Users/runner/work/ghostty-pixel-scroll/ghostty-pixel-scroll/macos
    /bin/mkdir -p /Users/runner/work/_temp/DerivedData/Build/Intermediates.noindex/Ghostty.build/ReleaseLocal/DockTilePlugin.build/assetcatalog_output/unthinned

MkDir /Users/runner/work/_temp/DerivedData/Build/Intermediates.noindex/Ghostty.build/ReleaseLocal/DockTilePlugin.build/assetcatalog_output/thinned (in target 'DockTilePlugin' from project 'Ghostty')
    cd /Users/runner/work/ghostty-pixel-scroll/ghostty-pixel-scroll/macos
    /bin/mkdir -p /Users/runner/work/_temp/DerivedData/Build/Intermediates.noindex/Ghostty.build/ReleaseLocal/DockTilePlugin.build/assetcatalog_output/thinned

GenerateAssetSymbols /Users/runner/work/ghostty-pixel-scroll/ghostty-pixel-scroll/macos/Assets.xcassets (in target 'DockTilePlugin' from project 'Ghostty')
    cd /Users/runner/work/ghostty-pixel-scroll/ghostty-pixel-scroll/macos
    /Applications/Xcode_26.6.app/Contents/Developer/usr/bin/actool /Users/runner/work/ghostty-pixel-scroll/ghostty-pixel-scroll/macos/Assets.xcassets --compile /Users/runner/work/_temp/DerivedData/Build/Products/ReleaseLocal/DockTilePlugin.plugin/Contents/Resources --output-format human-readable-text --notices --warnings --export-dependency-info /Users/runner/work/_temp/DerivedData/Build/Intermediates.noindex/Ghostty.build/ReleaseLocal/DockTilePlugin.build/assetcatalog_dependencies --output-partial-info-plist /Users/runner/work/_temp/DerivedData/Build/Intermediates.noindex/Ghostty.build/ReleaseLocal/DockTilePlugin.build/assetcatalog_generated_info.plist --enable-on-demand-resources NO --development-region en --target-device mac --minimum-deployment-target 13.0 --platform macosx --bundle-identifier com.mitchellh.ghostty-dock-tile --generate-swift-asset-symbols /Users/runner/work/_temp/DerivedData/Build/Intermediates.noindex/Ghostty.build/ReleaseLocal/DockTilePlugin.build/DerivedSources/GeneratedAssetSymbols.swift --generate-objc-asset-symbols /Users/runner/work/_temp/DerivedData/Build/Intermediates.noindex/Ghostty.build/ReleaseLocal/DockTilePlugin.build/DerivedSources/GeneratedAssetSymbols.h --generate-asset-symbol-index /Users/runner/work/_temp/DerivedData/Build/Intermediates.noindex/Ghostty.build/ReleaseLocal/DockTilePlugin.build/DerivedSources/GeneratedAssetSymbols-Index.plist
/* com.apple.actool.compilation-results */
/Users/runner/work/_temp/DerivedData/Build/Intermediates.noindex/Ghostty.build/ReleaseLocal/DockTilePlugin.build/DerivedSources/GeneratedAssetSymbols-Index.plist
/Users/runner/work/_temp/DerivedData/Build/Intermediates.noindex/Ghostty.build/ReleaseLocal/DockTilePlugin.build/DerivedSources/GeneratedAssetSymbols.h
/Users/runner/work/_temp/DerivedData/Build/Intermediates.noindex/Ghostty.build/ReleaseLocal/DockTilePlugin.build/DerivedSources/GeneratedAssetSymbols.swift


CompileAssetCatalogVariant thinned /Users/runner/work/_temp/DerivedData/Build/Products/ReleaseLocal/DockTilePlugin.plugin/Contents/Resources /Users/runner/work/ghostty-pixel-scroll/ghostty-pixel-scroll/macos/Assets.xcassets (in target 'DockTilePlugin' from project 'Ghostty')
    cd /Users/runner/work/ghostty-pixel-scroll/ghostty-pixel-scroll/macos
    /Applications/Xcode_26.6.app/Contents/Developer/usr/bin/actool /Users/runner/work/ghostty-pixel-scroll/ghostty-pixel-scroll/macos/Assets.xcassets --compile /Users/runner/work/_temp/DerivedData/Build/Intermediates.noindex/Ghostty.build/ReleaseLocal/DockTilePlugin.build/assetcatalog_output/thinned --output-format human-readable-text --notices --warnings --export-dependency-info /Users/runner/work/_temp/DerivedData/Build/Intermediates.noindex/Ghostty.build/ReleaseLocal/DockTilePlugin.build/assetcatalog_dependencies_thinned --output-partial-info-plist /Users/runner/work/_temp/DerivedData/Build/Intermediates.noindex/Ghostty.build/ReleaseLocal/DockTilePlugin.build/assetcatalog_generated_info.plist_thinned --enable-on-demand-resources NO --development-region en --target-device mac --minimum-deployment-target 13.0 --platform macosx
/* com.apple.actool.compilation-results */
/Users/runner/work/_temp/DerivedData/Build/Intermediates.noindex/Ghostty.build/ReleaseLocal/DockTilePlugin.build/assetcatalog_generated_info.plist_thinned
/Users/runner/work/_temp/DerivedData/Build/Intermediates.noindex/Ghostty.build/ReleaseLocal/DockTilePlugin.build/assetcatalog_output/thinned/Assets.car


WriteAuxiliaryFile /Users/runner/work/_temp/DerivedData/Build/Intermediates.noindex/Ghostty.build/ReleaseLocal/Ghostty.build/Script-FC501E0B2F46B410007AE49D.sh (in target 'Ghostty' from project 'Ghostty')
    cd /Users/runner/work/ghostty-pixel-scroll/ghostty-pixel-scroll/macos
    write-file /Users/runner/work/_temp/DerivedData/Build/Intermediates.noindex/Ghostty.build/ReleaseLocal/Ghostty.build/Script-FC501E0B2F46B410007AE49D.sh

WriteAuxiliaryFile /Users/runner/work/_temp/DerivedData/Build/Intermediates.noindex/Ghostty.build/ReleaseLocal/Ghostty.build/Objects-normal/arm64/e6072d4f65d7061329687fe24e3d63a7-common-args.resp (in target 'Ghostty' from project 'Ghostty')
    cd /Users/runner/work/ghostty-pixel-scroll/ghostty-pixel-scroll/macos
    write-file /Users/runner/work/_temp/DerivedData/Build/Intermediates.noindex/Ghostty.build/ReleaseLocal/Ghostty.build/Objects-normal/arm64/e6072d4f65d7061329687fe24e3d63a7-common-args.resp
'-std=gnu11' -fobjc-arc -fobjc-weak -fmodules -gmodules '-fmodules-cache-path=/Users/runner/work/_temp/DerivedData/ModuleCache.noindex' -fpascal-strings -Ofast -fno-common '-DNS_BLOCK_ASSERTIONS=1' '-DOBJC_OLD_DISPATCH_PROTOTYPES=0' -g '-fvisibility=hidden' -fprofile-instr-generate -fcoverage-mapping -iquote /Users/runner/work/_temp/DerivedData/Build/Intermediates.noindex/Ghostty.build/ReleaseLocal/Ghostty.build/Ghostty-generated-files.hmap -I/Users/runner/work/_temp/DerivedData/Build/Intermediates.noindex/Ghostty.build/ReleaseLocal/Ghostty.build/Ghostty-own-target-headers.hmap -I/Users/runner/work/_temp/DerivedData/Build/Intermediates.noindex/Ghostty.build/ReleaseLocal/Ghostty.build/Ghostty-all-target-headers.hmap -iquote /Users/runner/work/_temp/DerivedData/Build/Intermediates.noindex/Ghostty.build/ReleaseLocal/Ghostty.build/Ghostty-project-headers.hmap -I/Users/runner/work/_temp/DerivedData/Build/Products/ReleaseLocal/include -I/Users/runner/work/_temp/DerivedData/Build/Intermediates.noindex/Ghostty.build/ReleaseLocal/Ghostty.build/DerivedSources-normal/arm64 -I/Users/runner/work/_temp/DerivedData/Build/Intermediates.noindex/Ghostty.build/ReleaseLocal/Ghostty.build/DerivedSources/arm64 -I/Users/runner/work/_temp/DerivedData/Build/Intermediates.noindex/Ghostty.build/ReleaseLocal/Ghostty.build/DerivedSources -F/Users/runner/work/_temp/DerivedData/Build/Products/ReleaseLocal

WriteAuxiliaryFile /Users/runner/work/_temp/DerivedData/Build/Intermediates.noindex/Ghostty.build/ReleaseLocal/Ghostty.build/Objects-normal/arm64/Ghostty_const_extract_protocols.json (in target 'Ghostty' from project 'Ghostty')
    cd /Users/runner/work/ghostty-pixel-scroll/ghostty-pixel-scroll/macos
    write-file /Users/runner/work/_temp/DerivedData/Build/Intermediates.noindex/Ghostty.build/ReleaseLocal/Ghostty.build/Objects-normal/arm64/Ghostty_const_extract_protocols.json

WriteAuxiliaryFile /Users/runner/work/_temp/DerivedData/Build/Intermediates.noindex/Ghostty.build/ReleaseLocal/Ghostty.build/Objects-normal/arm64/Ghostty.SwiftFileList (in target 'Ghostty' from project 'Ghostty')
    cd /Users/runner/work/ghostty-pixel-scroll/ghostty-pixel-scroll/macos
    write-file /Users/runner/work/_temp/DerivedData/Build/Intermediates.noindex/Ghostty.build/ReleaseLocal/Ghostty.build/Objects-normal/arm64/Ghostty.SwiftFileList

WriteAuxiliaryFile /Users/runner/work/_temp/DerivedData/Build/Intermediates.noindex/Ghostty.build/ReleaseLocal/Ghostty.build/Objects-normal/arm64/Ghostty.SwiftConstValuesFileList (in target 'Ghostty' from project 'Ghostty')
    cd /Users/runner/work/ghostty-pixel-scroll/ghostty-pixel-scroll/macos
    write-file /Users/runner/work/_temp/DerivedData/Build/Intermediates.noindex/Ghostty.build/ReleaseLocal/Ghostty.build/Objects-normal/arm64/Ghostty.SwiftConstValuesFileList

WriteAuxiliaryFile /Users/runner/work/_temp/DerivedData/Build/Intermediates.noindex/Ghostty.build/ReleaseLocal/Ghostty.build/Objects-normal/arm64/Ghostty.LinkFileList (in target 'Ghostty' from project 'Ghostty')
    cd /Users/runner/work/ghostty-pixel-scroll/ghostty-pixel-scroll/macos
    write-file /Users/runner/work/_temp/DerivedData/Build/Intermediates.noindex/Ghostty.build/ReleaseLocal/Ghostty.build/Objects-normal/arm64/Ghostty.LinkFileList

WriteAuxiliaryFile /Users/runner/work/_temp/DerivedData/Build/Intermediates.noindex/Ghostty.build/ReleaseLocal/Ghostty.build/Objects-normal/arm64/Ghostty-OutputFileMap.json (in target 'Ghostty' from project 'Ghostty')
    cd /Users/runner/work/ghostty-pixel-scroll/ghostty-pixel-scroll/macos
    write-file /Users/runner/work/_temp/DerivedData/Build/Intermediates.noindex/Ghostty.build/ReleaseLocal/Ghostty.build/Objects-normal/arm64/Ghostty-OutputFileMap.json

WriteAuxiliaryFile /Users/runner/work/_temp/DerivedData/Build/Intermediates.noindex/Ghostty.build/ReleaseLocal/Ghostty.build/Ghostty.hmap (in target 'Ghostty' from project 'Ghostty')
    cd /Users/runner/work/ghostty-pixel-scroll/ghostty-pixel-scroll/macos
    write-file /Users/runner/work/_temp/DerivedData/Build/Intermediates.noindex/Ghostty.build/ReleaseLocal/Ghostty.build/Ghostty.hmap

WriteAuxiliaryFile /Users/runner/work/_temp/DerivedData/Build/Intermediates.noindex/Ghostty.build/ReleaseLocal/Ghostty.build/Ghostty.DependencyStaticMetadataFileList (in target 'Ghostty' from project 'Ghostty')
    cd /Users/runner/work/ghostty-pixel-scroll/ghostty-pixel-scroll/macos
    write-file /Users/runner/work/_temp/DerivedData/Build/Intermediates.noindex/Ghostty.build/ReleaseLocal/Ghostty.build/Ghostty.DependencyStaticMetadataFileList

WriteAuxiliaryFile /Users/runner/work/_temp/DerivedData/Build/Intermediates.noindex/Ghostty.build/ReleaseLocal/Ghostty.build/Ghostty.DependencyMetadataFileList (in target 'Ghostty' from project 'Ghostty')
    cd /Users/runner/work/ghostty-pixel-scroll/ghostty-pixel-scroll/macos
    write-file /Users/runner/work/_temp/DerivedData/Build/Intermediates.noindex/Ghostty.build/ReleaseLocal/Ghostty.build/Ghostty.DependencyMetadataFileList

WriteAuxiliaryFile /Users/runner/work/_temp/DerivedData/Build/Intermediates.noindex/Ghostty.build/ReleaseLocal/Ghostty.build/Ghostty-project-headers.hmap (in target 'Ghostty' from project 'Ghostty')
    cd /Users/runner/work/ghostty-pixel-scroll/ghostty-pixel-scroll/macos
    write-file /Users/runner/work/_temp/DerivedData/Build/Intermediates.noindex/Ghostty.build/ReleaseLocal/Ghostty.build/Ghostty-project-headers.hmap

WriteAuxiliaryFile /Users/runner/work/_temp/DerivedData/Build/Intermediates.noindex/Ghostty.build/ReleaseLocal/Ghostty.build/Ghostty-own-target-headers.hmap (in target 'Ghostty' from project 'Ghostty')
    cd /Users/runner/work/ghostty-pixel-scroll/ghostty-pixel-scroll/macos
    write-file /Users/runner/work/_temp/DerivedData/Build/Intermediates.noindex/Ghostty.build/ReleaseLocal/Ghostty.build/Ghostty-own-target-headers.hmap

WriteAuxiliaryFile /Users/runner/work/_temp/DerivedData/Build/Intermediates.noindex/Ghostty.build/ReleaseLocal/Ghostty.build/Ghostty-generated-files.hmap (in target 'Ghostty' from project 'Ghostty')
    cd /Users/runner/work/ghostty-pixel-scroll/ghostty-pixel-scroll/macos
    write-file /Users/runner/work/_temp/DerivedData/Build/Intermediates.noindex/Ghostty.build/ReleaseLocal/Ghostty.build/Ghostty-generated-files.hmap

WriteAuxiliaryFile /Users/runner/work/_temp/DerivedData/Build/Intermediates.noindex/Ghostty.build/ReleaseLocal/Ghostty.build/Ghostty-all-target-headers.hmap (in target 'Ghostty' from project 'Ghostty')
    cd /Users/runner/work/ghostty-pixel-scroll/ghostty-pixel-scroll/macos
    write-file /Users/runner/work/_temp/DerivedData/Build/Intermediates.noindex/Ghostty.build/ReleaseLocal/Ghostty.build/Ghostty-all-target-headers.hmap

WriteAuxiliaryFile /Users/runner/work/_temp/DerivedData/Build/Intermediates.noindex/Ghostty.build/ReleaseLocal/Ghostty.build/Ghostty-all-non-framework-target-headers.hmap (in target 'Ghostty' from project 'Ghostty')
    cd /Users/runner/work/ghostty-pixel-scroll/ghostty-pixel-scroll/macos
    write-file /Users/runner/work/_temp/DerivedData/Build/Intermediates.noindex/Ghostty.build/ReleaseLocal/Ghostty.build/Ghostty-all-non-framework-target-headers.hmap

WriteAuxiliaryFile /Users/runner/work/_temp/DerivedData/Build/Intermediates.noindex/Ghostty.build/ReleaseLocal/Ghostty.build/DerivedSources/Entitlements.plist (in target 'Ghostty' from project 'Ghostty')
    cd /Users/runner/work/ghostty-pixel-scroll/ghostty-pixel-scroll/macos
    write-file /Users/runner/work/_temp/DerivedData/Build/Intermediates.noindex/Ghostty.build/ReleaseLocal/Ghostty.build/DerivedSources/Entitlements.plist

MkDir /Users/runner/work/_temp/DerivedData/Build/Products/ReleaseLocal/Ghostty.app/Contents/Resources (in target 'Ghostty' from project 'Ghostty')
    cd /Users/runner/work/ghostty-pixel-scroll/ghostty-pixel-scroll/macos
    /bin/mkdir -p /Users/runner/work/_temp/DerivedData/Build/Products/ReleaseLocal/Ghostty.app/Contents/Resources

MkDir /Users/runner/work/_temp/DerivedData/Build/Products/ReleaseLocal/Ghostty.app/Contents/PlugIns (in target 'Ghostty' from project 'Ghostty')
    cd /Users/runner/work/ghostty-pixel-scroll/ghostty-pixel-scroll/macos
    /bin/mkdir -p /Users/runner/work/_temp/DerivedData/Build/Products/ReleaseLocal/Ghostty.app/Contents/PlugIns

MkDir /Users/runner/work/_temp/DerivedData/Build/Products/ReleaseLocal/Ghostty.app/Contents/MacOS (in target 'Ghostty' from project 'Ghostty')
    cd /Users/runner/work/ghostty-pixel-scroll/ghostty-pixel-scroll/macos
    /bin/mkdir -p /Users/runner/work/_temp/DerivedData/Build/Products/ReleaseLocal/Ghostty.app/Contents/MacOS

MkDir /Users/runner/work/_temp/DerivedData/Build/Products/ReleaseLocal/Ghostty.app/Contents/Frameworks (in target 'Ghostty' from project 'Ghostty')
    cd /Users/runner/work/ghostty-pixel-scroll/ghostty-pixel-scroll/macos
    /bin/mkdir -p /Users/runner/work/_temp/DerivedData/Build/Products/ReleaseLocal/Ghostty.app/Contents/Frameworks

MkDir /Users/runner/work/_temp/DerivedData/Build/Products/ReleaseLocal/Ghostty.app/Contents (in target 'Ghostty' from project 'Ghostty')
    cd /Users/runner/work/ghostty-pixel-scroll/ghostty-pixel-scroll/macos
    /bin/mkdir -p /Users/runner/work/_temp/DerivedData/Build/Products/ReleaseLocal/Ghostty.app/Contents

MkDir /Users/runner/work/_temp/DerivedData/Build/Products/ReleaseLocal/Ghostty.app (in target 'Ghostty' from project 'Ghostty')
    cd /Users/runner/work/ghostty-pixel-scroll/ghostty-pixel-scroll/macos
    /bin/mkdir -p /Users/runner/work/_temp/DerivedData/Build/Products/ReleaseLocal/Ghostty.app

LinkAssetCatalog /Users/runner/work/ghostty-pixel-scroll/ghostty-pixel-scroll/macos/Assets.xcassets (in target 'DockTilePlugin' from project 'Ghostty')
    cd /Users/runner/work/ghostty-pixel-scroll/ghostty-pixel-scroll/macos
    builtin-linkAssetCatalog --thinned /Users/runner/work/_temp/DerivedData/Build/Intermediates.noindex/Ghostty.build/ReleaseLocal/DockTilePlugin.build/assetcatalog_output/thinned --thinned-dependencies /Users/runner/work/_temp/DerivedData/Build/Intermediates.noindex/Ghostty.build/ReleaseLocal/DockTilePlugin.build/assetcatalog_dependencies_thinned --thinned-info-plist-content /Users/runner/work/_temp/DerivedData/Build/Intermediates.noindex/Ghostty.build/ReleaseLocal/DockTilePlugin.build/assetcatalog_generated_info.plist_thinned --unthinned /Users/runner/work/_temp/DerivedData/Build/Intermediates.noindex/Ghostty.build/ReleaseLocal/DockTilePlugin.build/assetcatalog_output/unthinned --unthinned-dependencies /Users/runner/work/_temp/DerivedData/Build/Intermediates.noindex/Ghostty.build/ReleaseLocal/DockTilePlugin.build/assetcatalog_dependencies_unthinned --unthinned-info-plist-content /Users/runner/work/_temp/DerivedData/Build/Intermediates.noindex/Ghostty.build/ReleaseLocal/DockTilePlugin.build/assetcatalog_generated_info.plist_unthinned --output /Users/runner/work/_temp/DerivedData/Build/Products/ReleaseLocal/DockTilePlugin.plugin/Contents/Resources --plist-output /Users/runner/work/_temp/DerivedData/Build/Intermediates.noindex/Ghostty.build/ReleaseLocal/DockTilePlugin.build/assetcatalog_generated_info.plist
note: Emplaced /Users/runner/work/_temp/DerivedData/Build/Products/ReleaseLocal/DockTilePlugin.plugin/Contents/Resources/Assets.car (in target 'DockTilePlugin' from project 'Ghostty')

ProcessInfoPlistFile /Users/runner/work/_temp/DerivedData/Build/Products/ReleaseLocal/DockTilePlugin.plugin/Contents/Info.plist /Users/runner/work/_temp/DerivedData/Build/Intermediates.noindex/Ghostty.build/ReleaseLocal/DockTilePlugin.build/empty-DockTilePlugin.plist (in target 'DockTilePlugin' from project 'Ghostty')
    cd /Users/runner/work/ghostty-pixel-scroll/ghostty-pixel-scroll/macos
    builtin-infoPlistUtility /Users/runner/work/_temp/DerivedData/Build/Intermediates.noindex/Ghostty.build/ReleaseLocal/DockTilePlugin.build/empty-DockTilePlugin.plist -producttype com.apple.product-type.bundle -expandbuildsettings -platform macosx -additionalcontentfile /Users/runner/work/_temp/DerivedData/Build/Intermediates.noindex/Ghostty.build/ReleaseLocal/DockTilePlugin.build/assetcatalog_generated_info.plist -o /Users/runner/work/_temp/DerivedData/Build/Products/ReleaseLocal/DockTilePlugin.plugin/Contents/Info.plist

SwiftDriver DockTilePlugin normal arm64 com.apple.xcode.tools.swift.compiler (in target 'DockTilePlugin' from project 'Ghostty')
    cd /Users/runner/work/ghostty-pixel-scroll/ghostty-pixel-scroll/macos
    builtin-SwiftDriver -- /Applications/Xcode_26.6.app/Contents/Developer/Toolchains/XcodeDefault.xctoolchain/usr/bin/swiftc -module-name DockTilePlugin -O -whole-module-optimization @/Users/runner/work/_temp/DerivedData/Build/Intermediates.noindex/Ghostty.build/ReleaseLocal/DockTilePlugin.build/Objects-normal/arm64/DockTilePlugin.SwiftFileList -DDOCK_TILE_PLUGIN -enable-experimental-feature DebugDescriptionMacro -sdk /Applications/Xcode_26.6.app/Contents/Developer/Platforms/MacOSX.platform/Developer/SDKs/MacOSX26.5.sdk -target arm64-apple-macos13.0 -g -module-cache-path /Users/runner/work/_temp/DerivedData/ModuleCache.noindex -Xfrontend -serialize-debugging-options -profile-coverage-mapping -profile-generate -swift-version 6 -I /Users/runner/work/_temp/DerivedData/Build/Products/ReleaseLocal -F /Users/runner/work/_temp/DerivedData/Build/Products/ReleaseLocal -emit-localized-strings -emit-localized-strings-path /Users/runner/work/_temp/DerivedData/Build/Intermediates.noindex/Ghostty.build/ReleaseLocal/DockTilePlugin.build/Objects-normal/arm64 -c -num-threads 3 -output-file-map /Users/runner/work/_temp/DerivedData/Build/Intermediates.noindex/Ghostty.build/ReleaseLocal/DockTilePlugin.build/Objects-normal/arm64/DockTilePlugin-OutputFileMap.json -use-frontend-parseable-output -save-temps -no-color-diagnostics -explicit-module-build -module-cache-path /Users/runner/work/_temp/DerivedData/Build/Intermediates.noindex/SwiftExplicitPrecompiledModules -clang-scanner-module-cache-path /Users/runner/work/_temp/DerivedData/ModuleCache.noindex -sdk-module-cache-path /Users/runner/work/_temp/DerivedData/ModuleCache.noindex -cache-compile-job -cas-path /Users/runner/Library/Developer/Xcode/DerivedData/CompilationCache.noindex/builtin -serialize-diagnostics -emit-dependencies -emit-module -emit-module-path /Users/runner/work/_temp/DerivedData/Build/Intermediates.noindex/Ghostty.build/ReleaseLocal/DockTilePlugin.build/Objects-normal/arm64/DockTilePlugin.swiftmodule -validate-clang-modules-once -clang-build-session-file /Users/runner/work/_temp/DerivedData/ModuleCache.noindex/Session.modulevalidation -Xcc -I/Users/runner/work/_temp/DerivedData/Build/Intermediates.noindex/Ghostty.build/ReleaseLocal/DockTilePlugin.build/swift-overrides.hmap -emit-const-values -Xfrontend -const-gather-protocols-file -Xfrontend /Users/runner/work/_temp/DerivedData/Build/Intermediates.noindex/Ghostty.build/ReleaseLocal/DockTilePlugin.build/Objects-normal/arm64/DockTilePlugin_const_extract_protocols.json -Xcc -iquote -Xcc /Users/runner/work/_temp/DerivedData/Build/Intermediates.noindex/Ghostty.build/ReleaseLocal/DockTilePlugin.build/DockTilePlugin-generated-files.hmap -Xcc -I/Users/runner/work/_temp/DerivedData/Build/Intermediates.noindex/Ghostty.build/ReleaseLocal/DockTilePlugin.build/DockTilePlugin-own-target-headers.hmap -Xcc -I/Users/runner/work/_temp/DerivedData/Build/Intermediates.noindex/Ghostty.build/ReleaseLocal/DockTilePlugin.build/DockTilePlugin-all-target-headers.hmap -Xcc -iquote -Xcc /Users/runner/work/_temp/DerivedData/Build/Intermediates.noindex/Ghostty.build/ReleaseLocal/DockTilePlugin.build/DockTilePlugin-project-headers.hmap -Xcc -I/Users/runner/work/_temp/DerivedData/Build/Products/ReleaseLocal/include -Xcc -I/Users/runner/work/_temp/DerivedData/Build/Intermediates.noindex/Ghostty.build/ReleaseLocal/DockTilePlugin.build/DerivedSources-normal/arm64 -Xcc -I/Users/runner/work/_temp/DerivedData/Build/Intermediates.noindex/Ghostty.build/ReleaseLocal/DockTilePlugin.build/DerivedSources/arm64 -Xcc -I/Users/runner/work/_temp/DerivedData/Build/Intermediates.noindex/Ghostty.build/ReleaseLocal/DockTilePlugin.build/DerivedSources -emit-objc-header -emit-objc-header-path /Users/runner/work/_temp/DerivedData/Build/Intermediates.noindex/Ghostty.build/ReleaseLocal/DockTilePlugin.build/Objects-normal/arm64/DockTilePlugin-Swift.h -working-directory /Users/runner/work/ghostty-pixel-scroll/ghostty-pixel-scroll/macos -no-emit-module-separately-wmo

SwiftDriver\ Compilation DockTilePlugin normal arm64 com.apple.xcode.tools.swift.compiler (in target 'DockTilePlugin' from project 'Ghostty')
    cd /Users/runner/work/ghostty-pixel-scroll/ghostty-pixel-scroll/macos
    builtin-Swift-Compilation -- /Applications/Xcode_26.6.app/Contents/Developer/Toolchains/XcodeDefault.xctoolchain/usr/bin/swiftc -module-name DockTilePlugin -O -whole-module-optimization @/Users/runner/work/_temp/DerivedData/Build/Intermediates.noindex/Ghostty.build/ReleaseLocal/DockTilePlugin.build/Objects-normal/arm64/DockTilePlugin.SwiftFileList -DDOCK_TILE_PLUGIN -enable-experimental-feature DebugDescriptionMacro -sdk /Applications/Xcode_26.6.app/Contents/Developer/Platforms/MacOSX.platform/Developer/SDKs/MacOSX26.5.sdk -target arm64-apple-macos13.0 -g -module-cache-path /Users/runner/work/_temp/DerivedData/ModuleCache.noindex -Xfrontend -serialize-debugging-options -profile-coverage-mapping -profile-generate -swift-version 6 -I /Users/runner/work/_temp/DerivedData/Build/Products/ReleaseLocal -F /Users/runner/work/_temp/DerivedData/Build/Products/ReleaseLocal -emit-localized-strings -emit-localized-strings-path /Users/runner/work/_temp/DerivedData/Build/Intermediates.noindex/Ghostty.build/ReleaseLocal/DockTilePlugin.build/Objects-normal/arm64 -c -num-threads 3 -output-file-map /Users/runner/work/_temp/DerivedData/Build/Intermediates.noindex/Ghostty.build/ReleaseLocal/DockTilePlugin.build/Objects-normal/arm64/DockTilePlugin-OutputFileMap.json -use-frontend-parseable-output -save-temps -no-color-diagnostics -explicit-module-build -module-cache-path /Users/runner/work/_temp/DerivedData/Build/Intermediates.noindex/SwiftExplicitPrecompiledModules -clang-scanner-module-cache-path /Users/runner/work/_temp/DerivedData/ModuleCache.noindex -sdk-module-cache-path /Users/runner/work/_temp/DerivedData/ModuleCache.noindex -cache-compile-job -cas-path /Users/runner/Library/Developer/Xcode/DerivedData/CompilationCache.noindex/builtin -serialize-diagnostics -emit-dependencies -emit-module -emit-module-path /Users/runner/work/_temp/DerivedData/Build/Intermediates.noindex/Ghostty.build/ReleaseLocal/DockTilePlugin.build/Objects-normal/arm64/DockTilePlugin.swiftmodule -validate-clang-modules-once -clang-build-session-file /Users/runner/work/_temp/DerivedData/ModuleCache.noindex/Session.modulevalidation -Xcc -I/Users/runner/work/_temp/DerivedData/Build/Intermediates.noindex/Ghostty.build/ReleaseLocal/DockTilePlugin.build/swift-overrides.hmap -emit-const-values -Xfrontend -const-gather-protocols-file -Xfrontend /Users/runner/work/_temp/DerivedData/Build/Intermediates.noindex/Ghostty.build/ReleaseLocal/DockTilePlugin.build/Objects-normal/arm64/DockTilePlugin_const_extract_protocols.json -Xcc -iquote -Xcc /Users/runner/work/_temp/DerivedData/Build/Intermediates.noindex/Ghostty.build/ReleaseLocal/DockTilePlugin.build/DockTilePlugin-generated-files.hmap -Xcc -I/Users/runner/work/_temp/DerivedData/Build/Intermediates.noindex/Ghostty.build/ReleaseLocal/DockTilePlugin.build/DockTilePlugin-own-target-headers.hmap -Xcc -I/Users/runner/work/_temp/DerivedData/Build/Intermediates.noindex/Ghostty.build/ReleaseLocal/DockTilePlugin.build/DockTilePlugin-all-target-headers.hmap -Xcc -iquote -Xcc /Users/runner/work/_temp/DerivedData/Build/Intermediates.noindex/Ghostty.build/ReleaseLocal/DockTilePlugin.build/DockTilePlugin-project-headers.hmap -Xcc -I/Users/runner/work/_temp/DerivedData/Build/Products/ReleaseLocal/include -Xcc -I/Users/runner/work/_temp/DerivedData/Build/Intermediates.noindex/Ghostty.build/ReleaseLocal/DockTilePlugin.build/DerivedSources-normal/arm64 -Xcc -I/Users/runner/work/_temp/DerivedData/Build/Intermediates.noindex/Ghostty.build/ReleaseLocal/DockTilePlugin.build/DerivedSources/arm64 -Xcc -I/Users/runner/work/_temp/DerivedData/Build/Intermediates.noindex/Ghostty.build/ReleaseLocal/DockTilePlugin.build/DerivedSources -emit-objc-header -emit-objc-header-path /Users/runner/work/_temp/DerivedData/Build/Intermediates.noindex/Ghostty.build/ReleaseLocal/DockTilePlugin.build/Objects-normal/arm64/DockTilePlugin-Swift.h -working-directory /Users/runner/work/ghostty-pixel-scroll/ghostty-pixel-scroll/macos -no-emit-module-separately-wmo

SwiftExplicitDependencyGeneratePcm arm64 /Users/runner/work/_temp/DerivedData/ModuleCache.noindex/ptrauth-9XG5TUOL87BNZT5IY2X21T9X8.pcm
Cache hit

SwiftExplicitDependencyGeneratePcm arm64 /Users/runner/work/_temp/DerivedData/ModuleCache.noindex/_AvailabilityInternal-C848RISGK7SEFBJKHO9A0OB8M.pcm
Cache hit

SwiftExplicitDependencyGeneratePcm arm64 /Users/runner/work/_temp/DerivedData/ModuleCache.noindex/_Builtin_float-ALAGO1W3HJYNJQHZDCI5KR4CT.pcm
Cache hit

SwiftCachingPruneData /Users/runner/Library/Developer/Xcode/DerivedData/CompilationCache.noindex/builtin /Applications/Xcode_26.6.app/Contents/Developer/Toolchains/XcodeDefault.xctoolchain/usr/bin/swiftc

SwiftExplicitDependencyGeneratePcm arm64 /Users/runner/work/_temp/DerivedData/ModuleCache.noindex/_Builtin_stdbool-8MQMMQU9ADNQ4RWLTE6NCJQNZ.pcm
Cache hit

SwiftExplicitDependencyGeneratePcm arm64 /Users/runner/work/_temp/DerivedData/ModuleCache.noindex/_SwiftConcurrencyShims-90X2C2HXOYPMS0EDBHN9PE3NK.pcm
Cache hit

SwiftExplicitDependencyGeneratePcm arm64 /Users/runner/work/_temp/DerivedData/ModuleCache.noindex/ptrcheck-1Z6AEJC7T5U7QTB2Z1VER1QZE.pcm
Cache hit

SwiftExplicitDependencyGeneratePcm arm64 /Users/runner/work/_temp/DerivedData/ModuleCache.noindex/_Builtin_stdarg-C49KDNM4SVDDF0ZPBMQ4DPNZ6.pcm
Cache hit

SwiftExplicitDependencyGeneratePcm arm64 /Users/runner/work/_temp/DerivedData/ModuleCache.noindex/SwiftShims-TLP06596EU83ZE4DPHCQHVFT.pcm
Cache hit

SwiftExplicitDependencyGeneratePcm arm64 /Users/runner/work/_temp/DerivedData/ModuleCache.noindex/DeveloperToolsSupport-ADZ0IUZJ5RZENR2K22FLOA4EK.pcm
Cache hit

SwiftExplicitDependencyGeneratePcm arm64 /Users/runner/work/_temp/DerivedData/ModuleCache.noindex/_DarwinFoundation1-ANWU7FEH8WSMYFUJG8TOV9FA0.pcm
Cache hit

SwiftExplicitDependencyGeneratePcm arm64 /Users/runner/work/_temp/DerivedData/ModuleCache.noindex/_Builtin_stddef-3VEEBOO7HDTR001JBHULOD1EJ.pcm
Cache hit

SwiftExplicitDependencyGeneratePcm arm64 /Users/runner/work/_temp/DerivedData/ModuleCache.noindex/_Builtin_limits-4Q1M4QGRJVK76ASP1B4OM4NFS.pcm
Cache hit

SwiftExplicitDependencyGeneratePcm arm64 /Users/runner/work/_temp/DerivedData/ModuleCache.noindex/_DarwinFoundation2-4KRIXFJXP4XYA19FWIE51RQ79.pcm
Cache hit

SwiftExplicitDependencyGeneratePcm arm64 /Users/runner/work/_temp/DerivedData/ModuleCache.noindex/_Builtin_stdint-9FZLYYXCPFXQ45A3OIZD66IZH.pcm
Cache hit

SwiftExplicitDependencyGeneratePcm arm64 /Users/runner/work/_temp/DerivedData/ModuleCache.noindex/_Builtin_tgmath-77PBI1MPFBDHLRU3W6J5PYBG3.pcm
Cache hit

SwiftExplicitDependencyGeneratePcm arm64 /Users/runner/work/_temp/DerivedData/ModuleCache.noindex/sys_types-DHNQXVIKZYUJ94UZE1TXOA481.pcm
Cache hit

SwiftExplicitDependencyGeneratePcm arm64 /Users/runner/work/_temp/DerivedData/ModuleCache.noindex/_DarwinFoundation3-1W3C1KNJQE6BKLVKD4SSGJWQO.pcm
Cache hit

SwiftExplicitDependencyGeneratePcm arm64 /Users/runner/work/_temp/DerivedData/ModuleCache.noindex/_Builtin_intrinsics-2JNGOIIUAR2ZT7LXR41EBZ7NQ.pcm
Cache hit

SwiftExplicitDependencyGeneratePcm arm64 /Users/runner/work/_temp/DerivedData/ModuleCache.noindex/OpenGL-5M3U9TW74EATWSMLJRAHFHBJI.pcm
Cache hit

SwiftExplicitDependencyGeneratePcm arm64 /Users/runner/work/_temp/DerivedData/ModuleCache.noindex/libDER-1FJLQ7B151ML1R15R7B1W125N.pcm
Cache hit

SwiftExplicitDependencyGeneratePcm arm64 /Users/runner/work/_temp/DerivedData/ModuleCache.noindex/_Builtin_inttypes-DIMPP6BKSMUJ8LC8MISDXWERO.pcm
Cache hit

SwiftExplicitDependencyGeneratePcm arm64 /Users/runner/work/_temp/DerivedData/ModuleCache.noindex/_Builtin_stdatomic-KG53YD9MMNFPUPV1RMDYK43F.pcm
Cache hit

SwiftExplicitDependencyGeneratePcm arm64 /Users/runner/work/_temp/DerivedData/ModuleCache.noindex/simd-DXJ1XLXLT35022IP0CI5HOHNP.pcm
Cache hit

SwiftExplicitDependencyGeneratePcm arm64 /Users/runner/work/_temp/DerivedData/ModuleCache.noindex/Darwin-ETX6WR8OT4UVYF88YORR0NJQ8.pcm
Cache hit

SwiftExplicitDependencyGeneratePcm arm64 /Users/runner/work/_temp/DerivedData/ModuleCache.noindex/Spatial-E241QROPB9A47FXSQDKT3VK10.pcm
Cache hit

SwiftExplicitDependencyGeneratePcm arm64 /Users/runner/work/_temp/DerivedData/ModuleCache.noindex/libkern-24HFI2858BQXCY4NNHQTATX49.pcm
Cache hit

SwiftExplicitDependencyGeneratePcm arm64 /Users/runner/work/_temp/DerivedData/ModuleCache.noindex/MachO-2CBAE8L5E1YT733X78L02M1VI.pcm
Cache hit

SwiftExplicitDependencyGeneratePcm arm64 /Users/runner/work/_temp/DerivedData/ModuleCache.noindex/launch-BMCR9UWN8VUZ9F7DBRQ4MFXM5.pcm
Cache hit

SwiftExplicitDependencyGeneratePcm arm64 /Users/runner/work/_temp/DerivedData/ModuleCache.noindex/CUPS-9ZJ5RFJYI37AQ5LTL498EGQ3H.pcm
Cache hit

SwiftExplicitDependencyGeneratePcm arm64 /Users/runner/work/_temp/DerivedData/ModuleCache.noindex/ObjectiveC-9VPSNV3IZRVGO9ER8TRH4C53O.pcm
Cache hit

SwiftExplicitDependencyGeneratePcm arm64 /Users/runner/work/_temp/DerivedData/ModuleCache.noindex/os_object-BTZARQKNLIAJ8480SLCIZHS2B.pcm
Cache hit

SwiftExplicitDependencyGeneratePcm arm64 /Users/runner/work/_temp/DerivedData/ModuleCache.noindex/os_workgroup-CK6BUH8RI1AZN90HBU48NOMVZ.pcm
Cache hit

SwiftExplicitDependencyGeneratePcm arm64 /Users/runner/work/_temp/DerivedData/ModuleCache.noindex/Dispatch-69WE1HJL6KZMX3A3FD6AO386W.pcm
Cache hit

SwiftExplicitDependencyGeneratePcm arm64 /Users/runner/work/_temp/DerivedData/ModuleCache.noindex/XPC-EQU5515PPVQ3D50M2M05YJFWJ.pcm
Cache hit

SwiftExplicitDependencyGeneratePcm arm64 /Users/runner/work/_temp/DerivedData/ModuleCache.noindex/CoreFoundation-47JYXM16F1D2RJ54NSZ8G37WJ.pcm
Cache hit

SwiftExplicitDependencyGeneratePcm arm64 /Users/runner/work/_temp/DerivedData/ModuleCache.noindex/os-6AI6D4QRZGAJ335LR95XHFCO7.pcm
Cache hit

SwiftExplicitDependencyGeneratePcm arm64 /Users/runner/work/_temp/DerivedData/ModuleCache.noindex/Security-1HJ3SSDXBKGU7IHPD7ZW5F7HQ.pcm
Cache hit

SwiftExplicitDependencyGeneratePcm arm64 /Users/runner/work/_temp/DerivedData/ModuleCache.noindex/ColorSync-9OYIK9AXDW164E5BF88TBUWPR.pcm
Cache hit

SwiftExplicitDependencyGeneratePcm arm64 /Users/runner/work/_temp/DerivedData/ModuleCache.noindex/IOKit-4JXUCKWBIMGT7LVEBSKJT0W2Y.pcm
Cache hit

SwiftExplicitDependencyGeneratePcm arm64 /Users/runner/work/_temp/DerivedData/ModuleCache.noindex/CFNetwork-82TQAO9EDKLCFFQ2FEN0T5CMZ.pcm
Cache hit

SwiftExplicitDependencyGeneratePcm arm64 /Users/runner/work/_temp/DerivedData/ModuleCache.noindex/CoreGraphics-23MHAA7GSH8ZKEIE47YSDJO40.pcm
Cache hit

SwiftExplicitDependencyGeneratePcm arm64 /Users/runner/work/_temp/DerivedData/ModuleCache.noindex/DiskArbitration-6EAW3J77DX6UIBO684X6U0X61.pcm
Cache hit

SwiftExplicitDependencyGeneratePcm arm64 /Users/runner/work/_temp/DerivedData/ModuleCache.noindex/CoreServices-957HE7L0MV4UO99OEO3Z6S6LZ.pcm
Cache hit

SwiftExplicitDependencyGeneratePcm arm64 /Users/runner/work/_temp/DerivedData/ModuleCache.noindex/ImageIO-1F35XW73B1TG1M72CEQH0HPQW.pcm
Cache hit

SwiftExplicitDependencyGeneratePcm arm64 /Users/runner/work/_temp/DerivedData/ModuleCache.noindex/CoreText-EW6708Z9WBB0XHEHXK1W2WVKT.pcm
Cache hit

SwiftExplicitDependencyGeneratePcm arm64 /Users/runner/work/_temp/DerivedData/ModuleCache.noindex/Foundation-A1UDOCMY5VCQBA172278H3L4K.pcm
Cache hit

SwiftExplicitDependencyGeneratePcm arm64 /Users/runner/work/_temp/DerivedData/ModuleCache.noindex/IOSurface-694E52P9VXP0D27ZJ53QR0HGX.pcm
Cache hit

SwiftExplicitDependencyGeneratePcm arm64 /Users/runner/work/_temp/DerivedData/ModuleCache.noindex/CoreTransferable-59Q7UT8LBGP3M83YOPIEGR2WO.pcm
Cache hit

SwiftExplicitDependencyGeneratePcm arm64 /Users/runner/work/_temp/DerivedData/ModuleCache.noindex/Accessibility-5DIF2YH4DZZYGSVQNVJ0DYC29.pcm
Cache hit

SwiftExplicitDependencyGeneratePcm arm64 /Users/runner/work/_temp/DerivedData/ModuleCache.noindex/OSLog-1TCRE8WI7QB37O2GSSCYI38OC.pcm
Cache hit

SwiftExplicitDependencyGeneratePcm arm64 /Users/runner/work/_temp/DerivedData/ModuleCache.noindex/Metal-4NPBZ0UM4ZOPSEE78C671QN9N.pcm
Cache hit

SwiftExplicitDependencyGeneratePcm arm64 /Users/runner/work/_temp/DerivedData/ModuleCache.noindex/UniformTypeIdentifiers-A29T9T7HO2GL48S6WMJ5XYDUY.pcm
Cache hit

SwiftExplicitDependencyGeneratePcm arm64 /Users/runner/work/_temp/DerivedData/ModuleCache.noindex/DataDetection-218NARDIW4V4UWBGJWO19O1YO.pcm
Cache hit

SwiftExplicitDependencyGeneratePcm arm64 /Users/runner/work/_temp/DerivedData/ModuleCache.noindex/ApplicationServices-NGTECKZ4EXLW9F3C1ZZ6F0W4.pcm
Cache hit

SwiftExplicitDependencyGeneratePcm arm64 /Users/runner/work/_temp/DerivedData/ModuleCache.noindex/Symbols-6ZWALK8D6CXYUQ1YB8OJ1UH00.pcm
Cache hit

SwiftExplicitDependencyGeneratePcm arm64 /Users/runner/work/_temp/DerivedData/ModuleCache.noindex/CoreData-3UFC984LC9QCLDSFPNLV5ZTGI.pcm
Cache hit

SwiftExplicitDependencyGeneratePcm arm64 /Users/runner/work/_temp/DerivedData/ModuleCache.noindex/CoreVideo-6PTSZ1ABFIWBA3CZ5DZYXHBAI.pcm
Cache hit

SwiftExplicitDependencyGeneratePcm arm64 /Users/runner/work/_temp/DerivedData/ModuleCache.noindex/QuartzCore-6YI1KI3V2XS3SJ0T61C5D09SL.pcm
Cache hit

SwiftExplicitDependencyGeneratePcm arm64 /Users/runner/work/_temp/DerivedData/ModuleCache.noindex/CoreImage-5KB2ZFLSKYJQGTCCRTGAFTO0W.pcm
Cache hit

SwiftExplicitDependencyGeneratePcm arm64 /Users/runner/work/_temp/DerivedData/ModuleCache.noindex/SwiftUICore-C7CCNECXK0SRFOR2P4FS9M2G7.pcm
Cache hit

SwiftExplicitDependencyGeneratePcm arm64 /Users/runner/work/_temp/DerivedData/ModuleCache.noindex/AppKit-86KOC6YJ6ESUVRHSDUSC67E7E.pcm
Cache hit

SwiftExplicitDependencyGeneratePcm arm64 /Users/runner/work/_temp/DerivedData/ModuleCache.noindex/SwiftUI-9V76541TYTWLS99QNOE09LASC.pcm
Cache hit

SwiftExplicitDependencyGeneratePcm arm64 /Users/runner/work/_temp/DerivedData/ModuleCache.noindex/Cocoa-69LDPIJZO2G7ZQSRLSQB2WRPZ.pcm
Cache hit

SwiftCompile normal arm64 Compiling\ Notification+AppIcon.swift,\ UserDefaults+AppIcon.swift,\ AppIcon.swift,\ ColorizedGhosttyIcon.swift,\ DockTilePlugin.swift,\ Ghostty.ConfigTypes.swift,\ GhosttyPackageMeta.swift,\ NSImage+Extension.swift,\ OSColor+Extension.swift,\ OSPasteboard+Extension.swift,\ GeneratedAssetSymbols.swift /Users/runner/work/ghostty-pixel-scroll/ghostty-pixel-scroll/macos/Sources/Features/Custom\ App\ Icon/Extensions/Notification+AppIcon.swift /Users/runner/work/ghostty-pixel-scroll/ghostty-pixel-scroll/macos/Sources/Features/Custom\ App\ Icon/Extensions/UserDefaults+AppIcon.swift /Users/runner/work/ghostty-pixel-scroll/ghostty-pixel-scroll/macos/Sources/Features/Custom\ App\ Icon/AppIcon.swift /Users/runner/work/ghostty-pixel-scroll/ghostty-pixel-scroll/macos/Sources/Features/Custom\ App\ Icon/ColorizedGhosttyIcon.swift /Users/runner/work/ghostty-pixel-scroll/ghostty-pixel-scroll/macos/Sources/Features/Custom\ App\ Icon/DockTilePlugin.swift /Users/runner/work/ghostty-pixel-scroll/ghostty-pixel-scroll/macos/Sources/Ghostty/Ghostty.ConfigTypes.swift /Users/runner/work/ghostty-pixel-scroll/ghostty-pixel-scroll/macos/Sources/Ghostty/GhosttyPackageMeta.swift /Users/runner/work/ghostty-pixel-scroll/ghostty-pixel-scroll/macos/Sources/Helpers/Extensions/NSImage+Extension.swift /Users/runner/work/ghostty-pixel-scroll/ghostty-pixel-scroll/macos/Sources/Helpers/Extensions/OSColor+Extension.swift /Users/runner/work/ghostty-pixel-scroll/ghostty-pixel-scroll/macos/Sources/Helpers/Extensions/OSPasteboard+Extension.swift /Users/runner/work/_temp/DerivedData/Build/Intermediates.noindex/Ghostty.build/ReleaseLocal/DockTilePlugin.build/DerivedSources/GeneratedAssetSymbols.swift /Applications/Xcode_26.6.app/Contents/Developer/Toolchains/XcodeDefault.xctoolchain/usr/lib/swift/macosx/prebuilt-modules/26.5/_StringProcessing.swiftmodule/arm64e-apple-macos.swiftmodule /Applications/Xcode_26.6.app/Contents/Developer/Toolchains/XcodeDefault.xctoolchain/usr/lib/swift/macosx/prebuilt-modules/26.5/AppKit.swiftmodule/arm64e-apple-macos.swiftmodule /Applications/Xcode_26.6.app/Contents/Developer/Toolchains/XcodeDefault.xctoolchain/usr/lib/swift/macosx/prebuilt-modules/26.5/DataDetection.swiftmodule/arm64e-apple-macos.swiftmodule /Applications/Xcode_26.6.app/Contents/Developer/Toolchains/XcodeDefault.xctoolchain/usr/lib/swift/macosx/prebuilt-modules/26.5/OSLog.swiftmodule/arm64e-apple-macos.swiftmodule /Applications/Xcode_26.6.app/Contents/Developer/Toolchains/XcodeDefault.xctoolchain/usr/lib/swift/macosx/prebuilt-modules/26.5/_DarwinFoundation1.swiftmodule/arm64e-apple-macos.swiftmodule /Applications/Xcode_26.6.app/Contents/Developer/Toolchains/XcodeDefault.xctoolchain/usr/lib/swift/macosx/prebuilt-modules/26.5/Observation.swiftmodule/arm64e-apple-macos.swiftmodule /Applications/Xcode_26.6.app/Contents/Developer/Toolchains/XcodeDefault.xctoolchain/usr/lib/swift/macosx/prebuilt-modules/26.5/System.swiftmodule/arm64e-apple-macos.swiftmodule /Applications/Xcode_26.6.app/Contents/Developer/Toolchains/XcodeDefault.xctoolchain/usr/lib/swift/macosx/prebuilt-modules/26.5/_DarwinFoundation3.swiftmodule/arm64e-apple-macos.swiftmodule /Applications/Xcode_26.6.app/Contents/Developer/Toolchains/XcodeDefault.xctoolchain/usr/lib/swift/macosx/prebuilt-modules/26.5/IOKit.swiftmodule/arm64e-apple-macos.swiftmodule /Applications/Xcode_26.6.app/Contents/Developer/Toolchains/XcodeDefault.xctoolchain/usr/lib/swift/macosx/prebuilt-modules/26.5/QuartzCore.swiftmodule/arm64e-apple-macos.swiftmodule /Applications/Xcode_26.6.app/Contents/Developer/Toolchains/XcodeDefault.xctoolchain/usr/lib/swift/macosx/prebuilt-modules/26.5/Symbols.swiftmodule/arm64e-apple-macos.swiftmodule /Applications/Xcode_26.6.app/Contents/Developer/Toolchains/XcodeDefault.xctoolchain/usr/lib/swift/macosx/prebuilt-modules/26.5/Dispatch.swiftmodule/arm64e-apple-macos.swiftmodule /Applications/Xcode_26.6.app/Contents/Developer/Toolchains/XcodeDefault.xctoolchain/usr/lib/swift/macosx/prebuilt-modules/26.5/_Builtin_float.swiftmodule/arm64e-apple-macos.swiftmodule /Applications/Xcode_26.6.app/Contents/Developer/Toolchains/XcodeDefault.xctoolchain/usr/lib/swift/macosx/prebuilt-modules/26.5/CoreGraphics.swiftmodule/arm64e-apple-macos.swiftmodule /Applications/Xcode_26.6.app/Contents/Developer/Toolchains/XcodeDefault.xctoolchain/usr/lib/swift/macosx/prebuilt-modules/26.5/CoreText.swiftmodule/arm64e-apple-macos.swiftmodule /Applications/Xcode_26.6.app/Contents/Developer/Toolchains/XcodeDefault.xctoolchain/usr/lib/swift/macosx/prebuilt-modules/26.5/Swift.swiftmodule/arm64e-apple-macos.swiftmodule /Applications/Xcode_26.6.app/Contents/Developer/Toolchains/XcodeDefault.xctoolchain/usr/lib/swift/macosx/prebuilt-modules/26.5/_Concurrency.swiftmodule/arm64e-apple-macos.swiftmodule /Applications/Xcode_26.6.app/Contents/Developer/Toolchains/XcodeDefault.xctoolchain/usr/lib/swift/macosx/prebuilt-modules/26.5/CoreImage.swiftmodule/arm64e-apple-macos.swiftmodule /Applications/Xcode_26.6.app/Contents/Developer/Toolchains/XcodeDefault.xctoolchain/usr/lib/swift/macosx/prebuilt-modules/26.5/_DarwinFoundation2.swiftmodule/arm64e-apple-macos.swiftmodule /Applications/Xcode_26.6.app/Contents/Developer/Toolchains/XcodeDefault.xctoolchain/usr/lib/swift/macosx/prebuilt-modules/26.5/Spatial.swiftmodule/arm64e-apple-macos.swiftmodule /Applications/Xcode_26.6.app/Contents/Developer/Toolchains/XcodeDefault.xctoolchain/usr/lib/swift/macosx/prebuilt-modules/26.5/UniformTypeIdentifiers.swiftmodule/arm64e-apple-macos.swiftmodule /Applications/Xcode_26.6.app/Contents/Developer/Toolchains/XcodeDefault.xctoolchain/usr/lib/swift/macosx/prebuilt-modules/26.5/Darwin.swiftmodule/arm64e-apple-macos.swiftmodule /Applications/Xcode_26.6.app/Contents/Developer/Toolchains/XcodeDefault.xctoolchain/usr/lib/swift/macosx/prebuilt-modules/26.5/CoreVideo.swiftmodule/arm64e-apple-macos.swiftmodule /Applications/Xcode_26.6.app/Contents/Developer/Toolchains/XcodeDefault.xctoolchain/usr/lib/swift/macosx/prebuilt-modules/26.5/simd.swiftmodule/arm64e-apple-macos.swiftmodule /Applications/Xcode_26.6.app/Contents/Developer/Toolchains/XcodeDefault.xctoolchain/usr/lib/swift/macosx/prebuilt-modules/26.5/os.swiftmodule/arm64e-apple-macos.swiftmodule /Applications/Xcode_26.6.app/Contents/Developer/Toolchains/XcodeDefault.xctoolchain/usr/lib/swift/macosx/prebuilt-modules/26.5/Metal.swiftmodule/arm64e-apple-macos.swiftmodule /Applications/Xcode_26.6.app/Contents/Developer/Toolchains/XcodeDefault.xctoolchain/usr/lib/swift/macosx/prebuilt-modules/26.5/Combine.swiftmodule/arm64e-apple-macos.swiftmodule /Applications/Xcode_26.6.app/Contents/Developer/Toolchains/XcodeDefault.xctoolchain/usr/lib/swift/macosx/prebuilt-modules/26.5/CoreFoundation.swiftmodule/arm64e-apple-macos.swiftmodule /Applications/Xcode_26.6.app/Contents/Developer/Toolchains/XcodeDefault.xctoolchain/usr/lib/swift/macosx/prebuilt-modules/26.5/SwiftUICore.swiftmodule/arm64e-apple-macos.swiftmodule /Applications/Xcode_26.6.app/Contents/Developer/Toolchains/XcodeDefault.xctoolchain/usr/lib/swift/macosx/prebuilt-modules/26.5/CoreTransferable.swiftmodule/arm64e-apple-macos.swiftmodule /Applications/Xcode_26.6.app/Contents/Developer/Toolchains/XcodeDefault.xctoolchain/usr/lib/swift/macosx/prebuilt-modules/26.5/Foundation.swiftmodule/arm64e-apple-macos.swiftmodule /Applications/Xcode_26.6.app/Contents/Developer/Toolchains/XcodeDefault.xctoolchain/usr/lib/swift/macosx/prebuilt-modules/26.5/SwiftUI.swiftmodule/arm64e-apple-macos.swiftmodule /Applications/Xcode_26.6.app/Contents/Developer/Toolchains/XcodeDefault.xctoolchain/usr/lib/swift/macosx/prebuilt-modules/26.5/XPC.swiftmodule/arm64e-apple-macos.swiftmodule /Applications/Xcode_26.6.app/Contents/Developer/Toolchains/XcodeDefault.xctoolchain/usr/lib/swift/macosx/prebuilt-modules/26.5/ObjectiveC.swiftmodule/arm64e-apple-macos.swiftmodule /Applications/Xcode_26.6.app/Contents/Developer/Toolchains/XcodeDefault.xctoolchain/usr/lib/swift/macosx/prebuilt-modules/26.5/CoreData.swiftmodule/arm64e-apple-macos.swiftmodule /Applications/Xcode_26.6.app/Contents/Developer/Toolchains/XcodeDefault.xctoolchain/usr/lib/swift/macosx/prebuilt-modules/26.5/Accessibility.swiftmodule/arm64e-apple-macos.swiftmodule /Applications/Xcode_26.6.app/Contents/Developer/Toolchains/XcodeDefault.xctoolchain/usr/lib/swift/macosx/prebuilt-modules/26.5/DeveloperToolsSupport.swiftmodule/arm64e-apple-macos.swiftmodule /Users/runner/work/_temp/DerivedData/ModuleCache.noindex/SwiftUI-9V76541TYTWLS99QNOE09LASC.pcm /Users/runner/work/_temp/DerivedData/ModuleCache.noindex/OSLog-1TCRE8WI7QB37O2GSSCYI38OC.pcm /Users/runner/work/_temp/DerivedData/ModuleCache.noindex/libkern-24HFI2858BQXCY4NNHQTATX49.pcm /Users/runner/work/_temp/DerivedData/ModuleCache.noindex/os-6AI6D4QRZGAJ335LR95XHFCO7.pcm /Users/runner/work/_temp/DerivedData/ModuleCache.noindex/CoreText-EW6708Z9WBB0XHEHXK1W2WVKT.pcm /Users/runner/work/_temp/DerivedData/ModuleCache.noindex/CoreTransferable-59Q7UT8LBGP3M83YOPIEGR2WO.pcm /Users/runner/work/_temp/DerivedData/ModuleCache.noindex/ptrcheck-1Z6AEJC7T5U7QTB2Z1VER1QZE.pcm /Users/runner/work/_temp/DerivedData/ModuleCache.noindex/simd-DXJ1XLXLT35022IP0CI5HOHNP.pcm /Users/runner/work/_temp/DerivedData/ModuleCache.noindex/CoreServices-957HE7L0MV4UO99OEO3Z6S6LZ.pcm /Users/runner/work/_temp/DerivedData/ModuleCache.noindex/MachO-2CBAE8L5E1YT733X78L02M1VI.pcm /Users/runner/work/_temp/DerivedData/ModuleCache.noindex/ColorSync-9OYIK9AXDW164E5BF88TBUWPR.pcm /Users/runner/work/_temp/DerivedData/ModuleCache.noindex/_DarwinFoundation2-4KRIXFJXP4XYA19FWIE51RQ79.pcm /Users/runner/work/_temp/DerivedData/ModuleCache.noindex/_Builtin_tgmath-77PBI1MPFBDHLRU3W6J5PYBG3.pcm /Users/runner/work/_temp/DerivedData/ModuleCache.noindex/Security-1HJ3SSDXBKGU7IHPD7ZW5F7HQ.pcm /Users/runner/work/_temp/DerivedData/ModuleCache.noindex/launch-BMCR9UWN8VUZ9F7DBRQ4MFXM5.pcm /Users/runner/work/_temp/DerivedData/ModuleCache.noindex/_DarwinFoundation3-1W3C1KNJQE6BKLVKD4SSGJWQO.pcm /Users/runner/work/_temp/DerivedData/ModuleCache.noindex/Cocoa-69LDPIJZO2G7ZQSRLSQB2WRPZ.pcm /Users/runner/work/_temp/DerivedData/ModuleCache.noindex/_AvailabilityInternal-C848RISGK7SEFBJKHO9A0OB8M.pcm /Users/runner/work/_temp/DerivedData/ModuleCache.noindex/Dispatch-69WE1HJL6KZMX3A3FD6AO386W.pcm /Users/runner/work/_temp/DerivedData/ModuleCache.noindex/_SwiftConcurrencyShims-90X2C2HXOYPMS0EDBHN9PE3NK.pcm /Users/runner/work/_temp/DerivedData/ModuleCache.noindex/ptrauth-9XG5TUOL87BNZT5IY2X21T9X8.pcm /Users/runner/work/_temp/DerivedData/ModuleCache.noindex/_Builtin_intrinsics-2JNGOIIUAR2ZT7LXR41EBZ7NQ.pcm /Users/runner/work/_temp/DerivedData/ModuleCache.noindex/_Builtin_float-ALAGO1W3HJYNJQHZDCI5KR4CT.pcm /Users/runner/work/_temp/DerivedData/ModuleCache.noindex/ApplicationServices-NGTECKZ4EXLW9F3C1ZZ6F0W4.pcm /Users/runner/work/_temp/DerivedData/ModuleCache.noindex/ObjectiveC-9VPSNV3IZRVGO9ER8TRH4C53O.pcm /Users/runner/work/_temp/DerivedData/ModuleCache.noindex/sys_types-DHNQXVIKZYUJ94UZE1TXOA481.pcm /Users/runner/work/_temp/DerivedData/ModuleCache.noindex/AppKit-86KOC6YJ6ESUVRHSDUSC67E7E.pcm /Users/runner/work/_temp/DerivedData/ModuleCache.noindex/Symbols-6ZWALK8D6CXYUQ1YB8OJ1UH00.pcm /Users/runner/work/_temp/DerivedData/ModuleCache.noindex/CoreData-3UFC984LC9QCLDSFPNLV5ZTGI.pcm /Users/runner/work/_temp/DerivedData/ModuleCache.noindex/_Builtin_limits-4Q1M4QGRJVK76ASP1B4OM4NFS.pcm /Users/runner/work/_temp/DerivedData/ModuleCache.noindex/CoreImage-5KB2ZFLSKYJQGTCCRTGAFTO0W.pcm /Users/runner/work/_temp/DerivedData/ModuleCache.noindex/Darwin-ETX6WR8OT4UVYF88YORR0NJQ8.pcm /Users/runner/work/_temp/DerivedData/ModuleCache.noindex/QuartzCore-6YI1KI3V2XS3SJ0T61C5D09SL.pcm /Users/runner/work/_temp/DerivedData/ModuleCache.noindex/OpenGL-5M3U9TW74EATWSMLJRAHFHBJI.pcm /Users/runner/work/_temp/DerivedData/ModuleCache.noindex/DeveloperToolsSupport-ADZ0IUZJ5RZENR2K22FLOA4EK.pcm /Users/runner/work/_temp/DerivedData/ModuleCache.noindex/_Builtin_stdint-9FZLYYXCPFXQ45A3OIZD66IZH.pcm /Users/runner/work/_temp/DerivedData/ModuleCache.noindex/_DarwinFoundation1-ANWU7FEH8WSMYFUJG8TOV9FA0.pcm /Users/runner/work/_temp/DerivedData/ModuleCache.noindex/_Builtin_stddef-3VEEBOO7HDTR001JBHULOD1EJ.pcm /Users/runner/work/_temp/DerivedData/ModuleCache.noindex/IOKit-4JXUCKWBIMGT7LVEBSKJT0W2Y.pcm /Users/runner/work/_temp/DerivedData/ModuleCache.noindex/XPC-EQU5515PPVQ3D50M2M05YJFWJ.pcm /Users/runner/work/_temp/DerivedData/ModuleCache.noindex/os_workgroup-CK6BUH8RI1AZN90HBU48NOMVZ.pcm /Users/runner/work/_temp/DerivedData/ModuleCache.noindex/_Builtin_inttypes-DIMPP6BKSMUJ8LC8MISDXWERO.pcm /Users/runner/work/_temp/DerivedData/ModuleCache.noindex/CoreGraphics-23MHAA7GSH8ZKEIE47YSDJO40.pcm /Users/runner/work/_temp/DerivedData/ModuleCache.noindex/DataDetection-218NARDIW4V4UWBGJWO19O1YO.pcm /Users/runner/work/_temp/DerivedData/ModuleCache.noindex/_Builtin_stdarg-C49KDNM4SVDDF0ZPBMQ4DPNZ6.pcm /Users/runner/work/_temp/DerivedData/ModuleCache.noindex/UniformTypeIdentifiers-A29T9T7HO2GL48S6WMJ5XYDUY.pcm /Users/runner/work/_temp/DerivedData/ModuleCache.noindex/DiskArbitration-6EAW3J77DX6UIBO684X6U0X61.pcm /Users/runner/work/_temp/DerivedData/ModuleCache.noindex/ImageIO-1F35XW73B1TG1M72CEQH0HPQW.pcm /Users/runner/work/_temp/DerivedData/ModuleCache.noindex/Foundation-A1UDOCMY5VCQBA172278H3L4K.pcm /Users/runner/work/_temp/DerivedData/ModuleCache.noindex/os_object-BTZARQKNLIAJ8480SLCIZHS2B.pcm /Users/runner/work/_temp/DerivedData/ModuleCache.noindex/libDER-1FJLQ7B151ML1R15R7B1W125N.pcm /Users/runner/work/_temp/DerivedData/ModuleCache.noindex/SwiftShims-TLP06596EU83ZE4DPHCQHVFT.pcm /Users/runner/work/_temp/DerivedData/ModuleCache.noindex/Accessibility-5DIF2YH4DZZYGSVQNVJ0DYC29.pcm /Users/runner/work/_temp/DerivedData/ModuleCache.noindex/Spatial-E241QROPB9A47FXSQDKT3VK10.pcm /Users/runner/work/_temp/DerivedData/ModuleCache.noindex/CFNetwork-82TQAO9EDKLCFFQ2FEN0T5CMZ.pcm /Users/runner/work/_temp/DerivedData/ModuleCache.noindex/CoreVideo-6PTSZ1ABFIWBA3CZ5DZYXHBAI.pcm /Users/runner/work/_temp/DerivedData/ModuleCache.noindex/CUPS-9ZJ5RFJYI37AQ5LTL498EGQ3H.pcm /Users/runner/work/_temp/DerivedData/ModuleCache.noindex/_Builtin_stdatomic-KG53YD9MMNFPUPV1RMDYK43F.pcm /Users/runner/work/_temp/DerivedData/ModuleCache.noindex/_Builtin_stdbool-8MQMMQU9ADNQ4RWLTE6NCJQNZ.pcm /Users/runner/work/_temp/DerivedData/ModuleCache.noindex/IOSurface-694E52P9VXP0D27ZJ53QR0HGX.pcm /Users/runner/work/_temp/DerivedData/ModuleCache.noindex/CoreFoundation-47JYXM16F1D2RJ54NSZ8G37WJ.pcm /Users/runner/work/_temp/DerivedData/ModuleCache.noindex/Metal-4NPBZ0UM4ZOPSEE78C671QN9N.pcm /Users/runner/work/_temp/DerivedData/ModuleCache.noindex/SwiftUICore-C7CCNECXK0SRFOR2P4FS9M2G7.pcm (in target 'DockTilePlugin' from project 'Ghostty')

CompileSwift normal arm64 (in target 'DockTilePlugin' from project 'Ghostty')
    cd /Users/runner/work/ghostty-pixel-scroll/ghostty-pixel-scroll/macos
    

Cache hit
SwiftDriverJobDiscovery normal arm64 Compiling Notification+AppIcon.swift, UserDefaults+AppIcon.swift, AppIcon.swift, ColorizedGhosttyIcon.swift, DockTilePlugin.swift, Ghostty.ConfigTypes.swift, GhosttyPackageMeta.swift, NSImage+Extension.swift, OSColor+Extension.swift, OSPasteboard+Extension.swift, GeneratedAssetSymbols.swift (in target 'DockTilePlugin' from project 'Ghostty')

SwiftDriver\ Compilation\ Requirements DockTilePlugin normal arm64 com.apple.xcode.tools.swift.compiler (in target 'DockTilePlugin' from project 'Ghostty')
    cd /Users/runner/work/ghostty-pixel-scroll/ghostty-pixel-scroll/macos
    builtin-Swift-Compilation-Requirements -- /Applications/Xcode_26.6.app/Contents/Developer/Toolchains/XcodeDefault.xctoolchain/usr/bin/swiftc -module-name DockTilePlugin -O -whole-module-optimization @/Users/runner/work/_temp/DerivedData/Build/Intermediates.noindex/Ghostty.build/ReleaseLocal/DockTilePlugin.build/Objects-normal/arm64/DockTilePlugin.SwiftFileList -DDOCK_TILE_PLUGIN -enable-experimental-feature DebugDescriptionMacro -sdk /Applications/Xcode_26.6.app/Contents/Developer/Platforms/MacOSX.platform/Developer/SDKs/MacOSX26.5.sdk -target arm64-apple-macos13.0 -g -module-cache-path /Users/runner/work/_temp/DerivedData/ModuleCache.noindex -Xfrontend -serialize-debugging-options -profile-coverage-mapping -profile-generate -swift-version 6 -I /Users/runner/work/_temp/DerivedData/Build/Products/ReleaseLocal -F /Users/runner/work/_temp/DerivedData/Build/Products/ReleaseLocal -emit-localized-strings -emit-localized-strings-path /Users/runner/work/_temp/DerivedData/Build/Intermediates.noindex/Ghostty.build/ReleaseLocal/DockTilePlugin.build/Objects-normal/arm64 -c -num-threads 3 -output-file-map /Users/runner/work/_temp/DerivedData/Build/Intermediates.noindex/Ghostty.build/ReleaseLocal/DockTilePlugin.build/Objects-normal/arm64/DockTilePlugin-OutputFileMap.json -use-frontend-parseable-output -save-temps -no-color-diagnostics -explicit-module-build -module-cache-path /Users/runner/work/_temp/DerivedData/Build/Intermediates.noindex/SwiftExplicitPrecompiledModules -clang-scanner-module-cache-path /Users/runner/work/_temp/DerivedData/ModuleCache.noindex -sdk-module-cache-path /Users/runner/work/_temp/DerivedData/ModuleCache.noindex -cache-compile-job -cas-path /Users/runner/Library/Developer/Xcode/DerivedData/CompilationCache.noindex/builtin -serialize-diagnostics -emit-dependencies -emit-module -emit-module-path /Users/runner/work/_temp/DerivedData/Build/Intermediates.noindex/Ghostty.build/ReleaseLocal/DockTilePlugin.build/Objects-normal/arm64/DockTilePlugin.swiftmodule -validate-clang-modules-once -clang-build-session-file /Users/runner/work/_temp/DerivedData/ModuleCache.noindex/Session.modulevalidation -Xcc -I/Users/runner/work/_temp/DerivedData/Build/Intermediates.noindex/Ghostty.build/ReleaseLocal/DockTilePlugin.build/swift-overrides.hmap -emit-const-values -Xfrontend -const-gather-protocols-file -Xfrontend /Users/runner/work/_temp/DerivedData/Build/Intermediates.noindex/Ghostty.build/ReleaseLocal/DockTilePlugin.build/Objects-normal/arm64/DockTilePlugin_const_extract_protocols.json -Xcc -iquote -Xcc /Users/runner/work/_temp/DerivedData/Build/Intermediates.noindex/Ghostty.build/ReleaseLocal/DockTilePlugin.build/DockTilePlugin-generated-files.hmap -Xcc -I/Users/runner/work/_temp/DerivedData/Build/Intermediates.noindex/Ghostty.build/ReleaseLocal/DockTilePlugin.build/DockTilePlugin-own-target-headers.hmap -Xcc -I/Users/runner/work/_temp/DerivedData/Build/Intermediates.noindex/Ghostty.build/ReleaseLocal/DockTilePlugin.build/DockTilePlugin-all-target-headers.hmap -Xcc -iquote -Xcc /Users/runner/work/_temp/DerivedData/Build/Intermediates.noindex/Ghostty.build/ReleaseLocal/DockTilePlugin.build/DockTilePlugin-project-headers.hmap -Xcc -I/Users/runner/work/_temp/DerivedData/Build/Products/ReleaseLocal/include -Xcc -I/Users/runner/work/_temp/DerivedData/Build/Intermediates.noindex/Ghostty.build/ReleaseLocal/DockTilePlugin.build/DerivedSources-normal/arm64 -Xcc -I/Users/runner/work/_temp/DerivedData/Build/Intermediates.noindex/Ghostty.build/ReleaseLocal/DockTilePlugin.build/DerivedSources/arm64 -Xcc -I/Users/runner/work/_temp/DerivedData/Build/Intermediates.noindex/Ghostty.build/ReleaseLocal/DockTilePlugin.build/DerivedSources -emit-objc-header -emit-objc-header-path /Users/runner/work/_temp/DerivedData/Build/Intermediates.noindex/Ghostty.build/ReleaseLocal/DockTilePlugin.build/Objects-normal/arm64/DockTilePlugin-Swift.h -working-directory /Users/runner/work/ghostty-pixel-scroll/ghostty-pixel-scroll/macos -no-emit-module-separately-wmo

SwiftMergeGeneratedHeaders /Users/runner/work/_temp/DerivedData/Build/Intermediates.noindex/Ghostty.build/ReleaseLocal/DockTilePlugin.build/DerivedSources/DockTilePlugin-Swift.h /Users/runner/work/_temp/DerivedData/Build/Intermediates.noindex/Ghostty.build/ReleaseLocal/DockTilePlugin.build/Objects-normal/arm64/DockTilePlugin-Swift.h (in target 'DockTilePlugin' from project 'Ghostty')
    cd /Users/runner/work/ghostty-pixel-scroll/ghostty-pixel-scroll/macos
    builtin-swiftHeaderTool -arch arm64 /Users/runner/work/_temp/DerivedData/Build/Intermediates.noindex/Ghostty.build/ReleaseLocal/DockTilePlugin.build/Objects-normal/arm64/DockTilePlugin-Swift.h -o /Users/runner/work/_temp/DerivedData/Build/Intermediates.noindex/Ghostty.build/ReleaseLocal/DockTilePlugin.build/DerivedSources/DockTilePlugin-Swift.h

Copy /Users/runner/work/_temp/DerivedData/Build/Products/ReleaseLocal/DockTilePlugin.swiftmodule/arm64-apple-macos.swiftdoc /Users/runner/work/_temp/DerivedData/Build/Intermediates.noindex/Ghostty.build/ReleaseLocal/DockTilePlugin.build/Objects-normal/arm64/DockTilePlugin.swiftdoc (in target 'DockTilePlugin' from project 'Ghostty')
    cd /Users/runner/work/ghostty-pixel-scroll/ghostty-pixel-scroll/macos
    builtin-copy -exclude .DS_Store -exclude CVS -exclude .svn -exclude .git -exclude .hg -resolve-src-symlinks -rename /Users/runner/work/_temp/DerivedData/Build/Intermediates.noindex/Ghostty.build/ReleaseLocal/DockTilePlugin.build/Objects-normal/arm64/DockTilePlugin.swiftdoc /Users/runner/work/_temp/DerivedData/Build/Products/ReleaseLocal/DockTilePlugin.swiftmodule/arm64-apple-macos.swiftdoc

Copy /Users/runner/work/_temp/DerivedData/Build/Products/ReleaseLocal/DockTilePlugin.swiftmodule/arm64-apple-macos.swiftmodule /Users/runner/work/_temp/DerivedData/Build/Intermediates.noindex/Ghostty.build/ReleaseLocal/DockTilePlugin.build/Objects-normal/arm64/DockTilePlugin.swiftmodule (in target 'DockTilePlugin' from project 'Ghostty')
    cd /Users/runner/work/ghostty-pixel-scroll/ghostty-pixel-scroll/macos
    builtin-copy -exclude .DS_Store -exclude CVS -exclude .svn -exclude .git -exclude .hg -resolve-src-symlinks -rename /Users/runner/work/_temp/DerivedData/Build/Intermediates.noindex/Ghostty.build/ReleaseLocal/DockTilePlugin.build/Objects-normal/arm64/DockTilePlugin.swiftmodule /Users/runner/work/_temp/DerivedData/Build/Products/ReleaseLocal/DockTilePlugin.swiftmodule/arm64-apple-macos.swiftmodule

Copy /Users/runner/work/_temp/DerivedData/Build/Products/ReleaseLocal/DockTilePlugin.swiftmodule/arm64-apple-macos.abi.json /Users/runner/work/_temp/DerivedData/Build/Intermediates.noindex/Ghostty.build/ReleaseLocal/DockTilePlugin.build/Objects-normal/arm64/DockTilePlugin.abi.json (in target 'DockTilePlugin' from project 'Ghostty')
    cd /Users/runner/work/ghostty-pixel-scroll/ghostty-pixel-scroll/macos
    builtin-copy -exclude .DS_Store -exclude CVS -exclude .svn -exclude .git -exclude .hg -resolve-src-symlinks -rename /Users/runner/work/_temp/DerivedData/Build/Intermediates.noindex/Ghostty.build/ReleaseLocal/DockTilePlugin.build/Objects-normal/arm64/DockTilePlugin.abi.json /Users/runner/work/_temp/DerivedData/Build/Products/ReleaseLocal/DockTilePlugin.swiftmodule/arm64-apple-macos.abi.json

Copy /Users/runner/work/_temp/DerivedData/Build/Products/ReleaseLocal/DockTilePlugin.swiftmodule/Project/arm64-apple-macos.swiftsourceinfo /Users/runner/work/_temp/DerivedData/Build/Intermediates.noindex/Ghostty.build/ReleaseLocal/DockTilePlugin.build/Objects-normal/arm64/DockTilePlugin.swiftsourceinfo (in target 'DockTilePlugin' from project 'Ghostty')
    cd /Users/runner/work/ghostty-pixel-scroll/ghostty-pixel-scroll/macos
    builtin-copy -exclude .DS_Store -exclude CVS -exclude .svn -exclude .git -exclude .hg -resolve-src-symlinks -rename /Users/runner/work/_temp/DerivedData/Build/Intermediates.noindex/Ghostty.build/ReleaseLocal/DockTilePlugin.build/Objects-normal/arm64/DockTilePlugin.swiftsourceinfo /Users/runner/work/_temp/DerivedData/Build/Products/ReleaseLocal/DockTilePlugin.swiftmodule/Project/arm64-apple-macos.swiftsourceinfo

Ld /Users/runner/work/_temp/DerivedData/Build/Products/ReleaseLocal/DockTilePlugin.plugin/Contents/MacOS/DockTilePlugin normal (in target 'DockTilePlugin' from project 'Ghostty')
    cd /Users/runner/work/ghostty-pixel-scroll/ghostty-pixel-scroll/macos
    /Applications/Xcode_26.6.app/Contents/Developer/Toolchains/XcodeDefault.xctoolchain/usr/bin/clang -Xlinker -reproducible -target arm64-apple-macos13.0 -bundle -isysroot /Applications/Xcode_26.6.app/Contents/Developer/Platforms/MacOSX.platform/Developer/SDKs/MacOSX26.5.sdk -Os -L/Users/runner/work/_temp/DerivedData/Build/Intermediates.noindex/EagerLinkingTBDs/ReleaseLocal -L/Users/runner/work/_temp/DerivedData/Build/Products/ReleaseLocal -F/Users/runner/work/_temp/DerivedData/Build/Intermediates.noindex/EagerLinkingTBDs/ReleaseLocal -F/Users/runner/work/_temp/DerivedData/Build/Products/ReleaseLocal -filelist /Users/runner/work/_temp/DerivedData/Build/Intermediates.noindex/Ghostty.build/ReleaseLocal/DockTilePlugin.build/Objects-normal/arm64/DockTilePlugin.LinkFileList -Xlinker -rpath -Xlinker /usr/lib/swift -Xlinker -dead_strip -Xlinker -object_path_lto -Xlinker /Users/runner/work/_temp/DerivedData/Build/Intermediates.noindex/Ghostty.build/ReleaseLocal/DockTilePlugin.build/Objects-normal/arm64/DockTilePlugin_lto.o -Xlinker -debug_variant -Xlinker -dependency_info -Xlinker /Users/runner/work/_temp/DerivedData/Build/Intermediates.noindex/Ghostty.build/ReleaseLocal/DockTilePlugin.build/Objects-normal/arm64/DockTilePlugin_dependency_info.dat -fobjc-link-runtime -fprofile-instr-generate -L/Applications/Xcode_26.6.app/Contents/Developer/Toolchains/XcodeDefault.xctoolchain/usr/lib/swift/macosx -L/usr/lib/swift -Xlinker -add_ast_path -Xlinker /Users/runner/work/_temp/DerivedData/Build/Intermediates.noindex/Ghostty.build/ReleaseLocal/DockTilePlugin.build/Objects-normal/arm64/DockTilePlugin.swiftmodule @/Users/runner/work/_temp/DerivedData/Build/Intermediates.noindex/Ghostty.build/ReleaseLocal/DockTilePlugin.build/Objects-normal/arm64/DockTilePlugin-linker-args.resp -Xlinker -no_adhoc_codesign -o /Users/runner/work/_temp/DerivedData/Build/Products/ReleaseLocal/DockTilePlugin.plugin/Contents/MacOS/DockTilePlugin

ProcessProductPackaging /Users/runner/work/ghostty-pixel-scroll/ghostty-pixel-scroll/macos/GhosttyReleaseLocal.entitlements /Users/runner/work/_temp/DerivedData/Build/Intermediates.noindex/Ghostty.build/ReleaseLocal/Ghostty.build/Ghostty.app.xcent (in target 'Ghostty' from project 'Ghostty')
    cd /Users/runner/work/ghostty-pixel-scroll/ghostty-pixel-scroll/macos
    
    Entitlements:
    
    {
    "com.apple.security.automation.apple-events" = 1;
    "com.apple.security.cs.disable-library-validation" = 1;
    "com.apple.security.device.audio-input" = 1;
    "com.apple.security.device.camera" = 1;
    "com.apple.security.get-task-allow" = 1;
    "com.apple.security.personal-information.addressbook" = 1;
    "com.apple.security.personal-information.calendars" = 1;
    "com.apple.security.personal-information.location" = 1;
    "com.apple.security.personal-information.photos-library" = 1;
}
    
    builtin-productPackagingUtility /Users/runner/work/ghostty-pixel-scroll/ghostty-pixel-scroll/macos/GhosttyReleaseLocal.entitlements -entitlements -format xml -o /Users/runner/work/_temp/DerivedData/Build/Intermediates.noindex/Ghostty.build/ReleaseLocal/Ghostty.build/Ghostty.app.xcent

ProcessProductPackagingDER /Users/runner/work/_temp/DerivedData/Build/Intermediates.noindex/Ghostty.build/ReleaseLocal/Ghostty.build/Ghostty.app.xcent /Users/runner/work/_temp/DerivedData/Build/Intermediates.noindex/Ghostty.build/ReleaseLocal/Ghostty.build/Ghostty.app.xcent.der (in target 'Ghostty' from project 'Ghostty')
    cd /Users/runner/work/ghostty-pixel-scroll/ghostty-pixel-scroll/macos
    /usr/bin/derq query -f xml -i /Users/runner/work/_temp/DerivedData/Build/Intermediates.noindex/Ghostty.build/ReleaseLocal/Ghostty.build/Ghostty.app.xcent -o /Users/runner/work/_temp/DerivedData/Build/Intermediates.noindex/Ghostty.build/ReleaseLocal/Ghostty.build/Ghostty.app.xcent.der --raw

ExtractAppIntentsMetadata (in target 'DockTilePlugin' from project 'Ghostty')
    cd /Users/runner/work/ghostty-pixel-scroll/ghostty-pixel-scroll/macos
    /Applications/Xcode_26.6.app/Contents/Developer/Toolchains/XcodeDefault.xctoolchain/usr/bin/appintentsmetadataprocessor --toolchain-dir /var/run/com.apple.security.cryptexd/mnt/com.apple.MobileAsset.MetalToolchain-v17.6.109.0.Kqw2ea/Metal.xctoolchain --module-name DockTilePlugin --sdk-root /Applications/Xcode_26.6.app/Contents/Developer/Platforms/MacOSX.platform/Developer/SDKs/MacOSX26.5.sdk --xcode-version 17F113 --platform-family macOS --deployment-target 13.0 --bundle-identifier com.mitchellh.ghostty-dock-tile --output /Users/runner/work/_temp/DerivedData/Build/Products/ReleaseLocal/DockTilePlugin.plugin/Contents/Resources --target-triple arm64-apple-macos13.0 --binary-file /Users/runner/work/_temp/DerivedData/Build/Products/ReleaseLocal/DockTilePlugin.plugin/Contents/MacOS/DockTilePlugin --dependency-file /Users/runner/work/_temp/DerivedData/Build/Intermediates.noindex/Ghostty.build/ReleaseLocal/DockTilePlugin.build/Objects-normal/arm64/DockTilePlugin_dependency_info.dat --stringsdata-file /Users/runner/work/_temp/DerivedData/Build/Intermediates.noindex/Ghostty.build/ReleaseLocal/DockTilePlugin.build/Objects-normal/arm64/ExtractedAppShortcutsMetadata.stringsdata --source-file-list /Users/runner/work/_temp/DerivedData/Build/Intermediates.noindex/Ghostty.build/ReleaseLocal/DockTilePlugin.build/Objects-normal/arm64/DockTilePlugin.SwiftFileList --metadata-file-list /Users/runner/work/_temp/DerivedData/Build/Intermediates.noindex/Ghostty.build/ReleaseLocal/DockTilePlugin.build/DockTilePlugin.DependencyMetadataFileList --static-metadata-file-list /Users/runner/work/_temp/DerivedData/Build/Intermediates.noindex/Ghostty.build/ReleaseLocal/DockTilePlugin.build/DockTilePlugin.DependencyStaticMetadataFileList --swift-const-vals-list /Users/runner/work/_temp/DerivedData/Build/Intermediates.noindex/Ghostty.build/ReleaseLocal/DockTilePlugin.build/Objects-normal/arm64/DockTilePlugin.SwiftConstValuesFileList --compile-time-extraction --deployment-aware-processing --validate-assistant-intents --no-app-shortcuts-localization
2026-09-17 17:32:37.373 appintentsmetadataprocessor[12891:42934] Starting appintentsmetadataprocessor export
2026-09-17 17:32:37.386 appintentsmetadataprocessor[12891:42934] warning: Metadata extraction skipped. No AppIntents.framework dependency found.

GenerateDSYMFile /Users/runner/work/_temp/DerivedData/Build/Products/ReleaseLocal/DockTilePlugin.plugin.dSYM /Users/runner/work/_temp/DerivedData/Build/Products/ReleaseLocal/DockTilePlugin.plugin/Contents/MacOS/DockTilePlugin (in target 'DockTilePlugin' from project 'Ghostty')
    cd /Users/runner/work/ghostty-pixel-scroll/ghostty-pixel-scroll/macos
    /Applications/Xcode_26.6.app/Contents/Developer/Toolchains/XcodeDefault.xctoolchain/usr/bin/dsymutil /Users/runner/work/_temp/DerivedData/Build/Products/ReleaseLocal/DockTilePlugin.plugin/Contents/MacOS/DockTilePlugin -o /Users/runner/work/_temp/DerivedData/Build/Products/ReleaseLocal/DockTilePlugin.plugin.dSYM

CodeSign /Users/runner/work/_temp/DerivedData/Build/Products/ReleaseLocal/DockTilePlugin.plugin (in target 'DockTilePlugin' from project 'Ghostty')
    cd /Users/runner/work/ghostty-pixel-scroll/ghostty-pixel-scroll/macos
    
    Signing Identity:     "Sign to Run Locally"
    
    /usr/bin/codesign --force --sign - --timestamp\=none --generate-entitlement-der /Users/runner/work/_temp/DerivedData/Build/Products/ReleaseLocal/DockTilePlugin.plugin

RegisterExecutionPolicyException /Users/runner/work/_temp/DerivedData/Build/Products/ReleaseLocal/DockTilePlugin.plugin (in target 'DockTilePlugin' from project 'Ghostty')
    cd /Users/runner/work/ghostty-pixel-scroll/ghostty-pixel-scroll/macos
    builtin-RegisterExecutionPolicyException /Users/runner/work/_temp/DerivedData/Build/Products/ReleaseLocal/DockTilePlugin.plugin

Touch /Users/runner/work/_temp/DerivedData/Build/Products/ReleaseLocal/DockTilePlugin.plugin (in target 'DockTilePlugin' from project 'Ghostty')
    cd /Users/runner/work/ghostty-pixel-scroll/ghostty-pixel-scroll/macos
    /usr/bin/touch -c /Users/runner/work/_temp/DerivedData/Build/Products/ReleaseLocal/DockTilePlugin.plugin

PhaseScriptExecution Run\ SwiftLint /Users/runner/work/_temp/DerivedData/Build/Intermediates.noindex/Ghostty.build/ReleaseLocal/Ghostty.build/Script-FC501E0B2F46B410007AE49D.sh (in target 'Ghostty' from project 'Ghostty')
    cd /Users/runner/work/ghostty-pixel-scroll/ghostty-pixel-scroll/macos
    /bin/sh -c /Users/runner/work/_temp/DerivedData/Build/Intermediates.noindex/Ghostty.build/ReleaseLocal/Ghostty.build/Script-FC501E0B2F46B410007AE49D.sh

Preprocess /Users/runner/work/_temp/DerivedData/Build/Intermediates.noindex/Ghostty.build/ReleaseLocal/Ghostty.build/normal/arm64/Preprocessed-Info.plist /Users/runner/work/ghostty-pixel-scroll/ghostty-pixel-scroll/macos/Ghostty-Info.plist (in target 'Ghostty' from project 'Ghostty')
    cd /Users/runner/work/ghostty-pixel-scroll/ghostty-pixel-scroll/macos
    /Applications/Xcode_26.6.app/Contents/Developer/Toolchains/XcodeDefault.xctoolchain/usr/bin/cc -E -P -x c -Wno-trigraphs /Users/runner/work/ghostty-pixel-scroll/ghostty-pixel-scroll/macos/Ghostty-Info.plist -F/Users/runner/work/_temp/DerivedData/Build/Products/ReleaseLocal -target arm64-apple-macos13.0 -isysroot /Applications/Xcode_26.6.app/Contents/Developer/Platforms/MacOSX.platform/Developer/SDKs/MacOSX26.5.sdk -o /Users/runner/work/_temp/DerivedData/Build/Intermediates.noindex/Ghostty.build/ReleaseLocal/Ghostty.build/normal/arm64/Preprocessed-Info.plist

Copy /Users/runner/work/_temp/DerivedData/Build/Products/ReleaseLocal/Ghostty.app/Contents/Frameworks/Sparkle.framework /Users/runner/work/_temp/DerivedData/SourcePackages/artifacts/sparkle/Sparkle/Sparkle.xcframework/macos-arm64_x86_64/Sparkle.framework (in target 'Ghostty' from project 'Ghostty')
    cd /Users/runner/work/ghostty-pixel-scroll/ghostty-pixel-scroll/macos
    builtin-copy -exclude .DS_Store -exclude CVS -exclude .svn -exclude .git -exclude .hg -exclude Headers -exclude PrivateHeaders -exclude Modules -exclude \*.tbd -resolve-src-symlinks -remove-static-executable /Users/runner/work/_temp/DerivedData/SourcePackages/artifacts/sparkle/Sparkle/Sparkle.xcframework/macos-arm64_x86_64/Sparkle.framework /Users/runner/work/_temp/DerivedData/Build/Products/ReleaseLocal/Ghostty.app/Contents/Frameworks

MkDir /Users/runner/work/_temp/DerivedData/Build/Intermediates.noindex/Ghostty.build/ReleaseLocal/Ghostty.build/assetcatalog_output/unthinned (in target 'Ghostty' from project 'Ghostty')
    cd /Users/runner/work/ghostty-pixel-scroll/ghostty-pixel-scroll/macos
    /bin/mkdir -p /Users/runner/work/_temp/DerivedData/Build/Intermediates.noindex/Ghostty.build/ReleaseLocal/Ghostty.build/assetcatalog_output/unthinned

MkDir /Users/runner/work/_temp/DerivedData/Build/Intermediates.noindex/Ghostty.build/ReleaseLocal/Ghostty.build/assetcatalog_output/thinned (in target 'Ghostty' from project 'Ghostty')
    cd /Users/runner/work/ghostty-pixel-scroll/ghostty-pixel-scroll/macos
    /bin/mkdir -p /Users/runner/work/_temp/DerivedData/Build/Intermediates.noindex/Ghostty.build/ReleaseLocal/Ghostty.build/assetcatalog_output/thinned

GenerateAssetSymbols /Users/runner/work/ghostty-pixel-scroll/ghostty-pixel-scroll/images/Ghostty.icon /Users/runner/work/ghostty-pixel-scroll/ghostty-pixel-scroll/macos/Assets.xcassets (in target 'Ghostty' from project 'Ghostty')
    cd /Users/runner/work/ghostty-pixel-scroll/ghostty-pixel-scroll/macos
    /Applications/Xcode_26.6.app/Contents/Developer/usr/bin/actool /Users/runner/work/ghostty-pixel-scroll/ghostty-pixel-scroll/images/Ghostty.icon /Users/runner/work/ghostty-pixel-scroll/ghostty-pixel-scroll/macos/Assets.xcassets --compile /Users/runner/work/_temp/DerivedData/Build/Products/ReleaseLocal/Ghostty.app/Contents/Resources --output-format human-readable-text --notices --warnings --export-dependency-info /Users/runner/work/_temp/DerivedData/Build/Intermediates.noindex/Ghostty.build/ReleaseLocal/Ghostty.build/assetcatalog_dependencies --output-partial-info-plist /Users/runner/work/_temp/DerivedData/Build/Intermediates.noindex/Ghostty.build/ReleaseLocal/Ghostty.build/assetcatalog_generated_info.plist --app-icon Ghostty --accent-color AccentColor --enable-on-demand-resources NO --development-region en --target-device mac --minimum-deployment-target 13.0 --platform macosx --bundle-identifier com.mitchellh.ghostty --generate-swift-asset-symbols /Users/runner/work/_temp/DerivedData/Build/Intermediates.noindex/Ghostty.build/ReleaseLocal/Ghostty.build/DerivedSources/GeneratedAssetSymbols.swift --generate-objc-asset-symbols /Users/runner/work/_temp/DerivedData/Build/Intermediates.noindex/Ghostty.build/ReleaseLocal/Ghostty.build/DerivedSources/GeneratedAssetSymbols.h --generate-asset-symbol-index /Users/runner/work/_temp/DerivedData/Build/Intermediates.noindex/Ghostty.build/ReleaseLocal/Ghostty.build/DerivedSources/GeneratedAssetSymbols-Index.plist
/* com.apple.actool.compilation-results */
/Users/runner/work/_temp/DerivedData/Build/Intermediates.noindex/Ghostty.build/ReleaseLocal/Ghostty.build/DerivedSources/GeneratedAssetSymbols-Index.plist
/Users/runner/work/_temp/DerivedData/Build/Intermediates.noindex/Ghostty.build/ReleaseLocal/Ghostty.build/DerivedSources/GeneratedAssetSymbols.h
/Users/runner/work/_temp/DerivedData/Build/Intermediates.noindex/Ghostty.build/ReleaseLocal/Ghostty.build/DerivedSources/GeneratedAssetSymbols.swift


CpResource /Users/runner/work/_temp/DerivedData/Build/Products/ReleaseLocal/Ghostty.app/Contents/Resources/zsh /Users/runner/work/ghostty-pixel-scroll/ghostty-pixel-scroll/zig-out/share/zsh (in target 'Ghostty' from project 'Ghostty')
    cd /Users/runner/work/ghostty-pixel-scroll/ghostty-pixel-scroll/macos
    builtin-copy -exclude .DS_Store -exclude CVS -exclude .svn -exclude .git -exclude .hg -resolve-src-symlinks /Users/runner/work/ghostty-pixel-scroll/ghostty-pixel-scroll/zig-out/share/zsh /Users/runner/work/_temp/DerivedData/Build/Products/ReleaseLocal/Ghostty.app/Contents/Resources

MergeInfoPlistFile /Users/runner/work/_temp/DerivedData/Build/Intermediates.noindex/Ghostty.build/ReleaseLocal/Ghostty.build/Preprocessed-Info.plist /Users/runner/work/_temp/DerivedData/Build/Intermediates.noindex/Ghostty.build/ReleaseLocal/Ghostty.build/normal/arm64/Preprocessed-Info.plist (in target 'Ghostty' from project 'Ghostty')
    cd /Users/runner/work/ghostty-pixel-scroll/ghostty-pixel-scroll/macos
    builtin-mergeInfoPlist /Users/runner/work/_temp/DerivedData/Build/Intermediates.noindex/Ghostty.build/ReleaseLocal/Ghostty.build/Preprocessed-Info.plist /Users/runner/work/_temp/DerivedData/Build/Intermediates.noindex/Ghostty.build/ReleaseLocal/Ghostty.build/normal/arm64/Preprocessed-Info.plist

CpResource /Users/runner/work/_temp/DerivedData/Build/Products/ReleaseLocal/Ghostty.app/Contents/Resources/vim /Users/runner/work/ghostty-pixel-scroll/ghostty-pixel-scroll/zig-out/share/vim (in target 'Ghostty' from project 'Ghostty')
    cd /Users/runner/work/ghostty-pixel-scroll/ghostty-pixel-scroll/macos
    builtin-copy -exclude .DS_Store -exclude CVS -exclude .svn -exclude .git -exclude .hg -resolve-src-symlinks /Users/runner/work/ghostty-pixel-scroll/ghostty-pixel-scroll/zig-out/share/vim /Users/runner/work/_temp/DerivedData/Build/Products/ReleaseLocal/Ghostty.app/Contents/Resources

CpResource /Users/runner/work/_temp/DerivedData/Build/Products/ReleaseLocal/Ghostty.app/Contents/Resources/terminfo /Users/runner/work/ghostty-pixel-scroll/ghostty-pixel-scroll/zig-out/share/terminfo (in target 'Ghostty' from project 'Ghostty')
    cd /Users/runner/work/ghostty-pixel-scroll/ghostty-pixel-scroll/macos
    builtin-copy -exclude .DS_Store -exclude CVS -exclude .svn -exclude .git -exclude .hg -resolve-src-symlinks /Users/runner/work/ghostty-pixel-scroll/ghostty-pixel-scroll/zig-out/share/terminfo /Users/runner/work/_temp/DerivedData/Build/Products/ReleaseLocal/Ghostty.app/Contents/Resources

CpResource /Users/runner/work/_temp/DerivedData/Build/Products/ReleaseLocal/Ghostty.app/Contents/Resources/nvim /Users/runner/work/ghostty-pixel-scroll/ghostty-pixel-scroll/zig-out/share/nvim (in target 'Ghostty' from project 'Ghostty')
    cd /Users/runner/work/ghostty-pixel-scroll/ghostty-pixel-scroll/macos
    builtin-copy -exclude .DS_Store -exclude CVS -exclude .svn -exclude .git -exclude .hg -resolve-src-symlinks /Users/runner/work/ghostty-pixel-scroll/ghostty-pixel-scroll/zig-out/share/nvim /Users/runner/work/_temp/DerivedData/Build/Products/ReleaseLocal/Ghostty.app/Contents/Resources

CpResource /Users/runner/work/_temp/DerivedData/Build/Products/ReleaseLocal/Ghostty.app/Contents/Resources/man /Users/runner/work/ghostty-pixel-scroll/ghostty-pixel-scroll/zig-out/share/man (in target 'Ghostty' from project 'Ghostty')
    cd /Users/runner/work/ghostty-pixel-scroll/ghostty-pixel-scroll/macos
    builtin-copy -exclude .DS_Store -exclude CVS -exclude .svn -exclude .git -exclude .hg -resolve-src-symlinks /Users/runner/work/ghostty-pixel-scroll/ghostty-pixel-scroll/zig-out/share/man /Users/runner/work/_temp/DerivedData/Build/Products/ReleaseLocal/Ghostty.app/Contents/Resources

CpResource /Users/runner/work/_temp/DerivedData/Build/Products/ReleaseLocal/Ghostty.app/Contents/Resources/locale /Users/runner/work/ghostty-pixel-scroll/ghostty-pixel-scroll/zig-out/share/locale (in target 'Ghostty' from project 'Ghostty')
    cd /Users/runner/work/ghostty-pixel-scroll/ghostty-pixel-scroll/macos
    builtin-copy -exclude .DS_Store -exclude CVS -exclude .svn -exclude .git -exclude .hg -resolve-src-symlinks /Users/runner/work/ghostty-pixel-scroll/ghostty-pixel-scroll/zig-out/share/locale /Users/runner/work/_temp/DerivedData/Build/Products/ReleaseLocal/Ghostty.app/Contents/Resources

CpResource /Users/runner/work/_temp/DerivedData/Build/Products/ReleaseLocal/Ghostty.app/Contents/Resources/ghostty /Users/runner/work/ghostty-pixel-scroll/ghostty-pixel-scroll/zig-out/share/ghostty (in target 'Ghostty' from project 'Ghostty')
    cd /Users/runner/work/ghostty-pixel-scroll/ghostty-pixel-scroll/macos
    builtin-copy -exclude .DS_Store -exclude CVS -exclude .svn -exclude .git -exclude .hg -resolve-src-symlinks /Users/runner/work/ghostty-pixel-scroll/ghostty-pixel-scroll/zig-out/share/ghostty /Users/runner/work/_temp/DerivedData/Build/Products/ReleaseLocal/Ghostty.app/Contents/Resources

CpResource /Users/runner/work/_temp/DerivedData/Build/Products/ReleaseLocal/Ghostty.app/Contents/Resources/fish /Users/runner/work/ghostty-pixel-scroll/ghostty-pixel-scroll/zig-out/share/fish (in target 'Ghostty' from project 'Ghostty')
    cd /Users/runner/work/ghostty-pixel-scroll/ghostty-pixel-scroll/macos
    builtin-copy -exclude .DS_Store -exclude CVS -exclude .svn -exclude .git -exclude .hg -resolve-src-symlinks /Users/runner/work/ghostty-pixel-scroll/ghostty-pixel-scroll/zig-out/share/fish /Users/runner/work/_temp/DerivedData/Build/Products/ReleaseLocal/Ghostty.app/Contents/Resources

CpResource /Users/runner/work/_temp/DerivedData/Build/Products/ReleaseLocal/Ghostty.app/Contents/Resources/bat /Users/runner/work/ghostty-pixel-scroll/ghostty-pixel-scroll/zig-out/share/bat (in target 'Ghostty' from project 'Ghostty')
    cd /Users/runner/work/ghostty-pixel-scroll/ghostty-pixel-scroll/macos
    builtin-copy -exclude .DS_Store -exclude CVS -exclude .svn -exclude .git -exclude .hg -resolve-src-symlinks /Users/runner/work/ghostty-pixel-scroll/ghostty-pixel-scroll/zig-out/share/bat /Users/runner/work/_temp/DerivedData/Build/Products/ReleaseLocal/Ghostty.app/Contents/Resources

CpResource /Users/runner/work/_temp/DerivedData/Build/Products/ReleaseLocal/Ghostty.app/Contents/Resources/bash-completion /Users/runner/work/ghostty-pixel-scroll/ghostty-pixel-scroll/zig-out/share/bash-completion (in target 'Ghostty' from project 'Ghostty')
    cd /Users/runner/work/ghostty-pixel-scroll/ghostty-pixel-scroll/macos
    builtin-copy -exclude .DS_Store -exclude CVS -exclude .svn -exclude .git -exclude .hg -resolve-src-symlinks /Users/runner/work/ghostty-pixel-scroll/ghostty-pixel-scroll/zig-out/share/bash-completion /Users/runner/work/_temp/DerivedData/Build/Products/ReleaseLocal/Ghostty.app/Contents/Resources

CpResource /Users/runner/work/_temp/DerivedData/Build/Products/ReleaseLocal/Ghostty.app/Contents/Resources/Ghostty.sdef /Users/runner/work/ghostty-pixel-scroll/ghostty-pixel-scroll/macos/Ghostty.sdef (in target 'Ghostty' from project 'Ghostty')
    cd /Users/runner/work/ghostty-pixel-scroll/ghostty-pixel-scroll/macos
    builtin-copy -exclude .DS_Store -exclude CVS -exclude .svn -exclude .git -exclude .hg -resolve-src-symlinks /Users/runner/work/ghostty-pixel-scroll/ghostty-pixel-scroll/macos/Ghostty.sdef /Users/runner/work/_temp/DerivedData/Build/Products/ReleaseLocal/Ghostty.app/Contents/Resources

CompileXIB /Users/runner/work/ghostty-pixel-scroll/ghostty-pixel-scroll/macos/Sources/Features/Terminal/Window\ Styles/TerminalTransparentTitlebar.xib (in target 'Ghostty' from project 'Ghostty')
    cd /Users/runner/work/ghostty-pixel-scroll/ghostty-pixel-scroll/macos
    /Applications/Xcode_26.6.app/Contents/Developer/usr/bin/ibtool --errors --warnings --notices --module Ghostty --output-partial-info-plist /Users/runner/work/_temp/DerivedData/Build/Intermediates.noindex/Ghostty.build/ReleaseLocal/Ghostty.build/TerminalTransparentTitlebar-PartialInfo.plist --auto-activate-custom-fonts --target-device mac --minimum-deployment-target 13.0 --output-format human-readable-text --compile /Users/runner/work/_temp/DerivedData/Build/Products/ReleaseLocal/Ghostty.app/Contents/Resources/TerminalTransparentTitlebar.nib /Users/runner/work/ghostty-pixel-scroll/ghostty-pixel-scroll/macos/Sources/Features/Terminal/Window\ Styles/TerminalTransparentTitlebar.xib

CompileXIB /Users/runner/work/ghostty-pixel-scroll/ghostty-pixel-scroll/macos/Sources/Features/Terminal/Window\ Styles/TerminalTabsTitlebarVentura.xib (in target 'Ghostty' from project 'Ghostty')
    cd /Users/runner/work/ghostty-pixel-scroll/ghostty-pixel-scroll/macos
    /Applications/Xcode_26.6.app/Contents/Developer/usr/bin/ibtool --errors --warnings --notices --module Ghostty --output-partial-info-plist /Users/runner/work/_temp/DerivedData/Build/Intermediates.noindex/Ghostty.build/ReleaseLocal/Ghostty.build/TerminalTabsTitlebarVentura-PartialInfo.plist --auto-activate-custom-fonts --target-device mac --minimum-deployment-target 13.0 --output-format human-readable-text --compile /Users/runner/work/_temp/DerivedData/Build/Products/ReleaseLocal/Ghostty.app/Contents/Resources/TerminalTabsTitlebarVentura.nib /Users/runner/work/ghostty-pixel-scroll/ghostty-pixel-scroll/macos/Sources/Features/Terminal/Window\ Styles/TerminalTabsTitlebarVentura.xib

CompileXIB /Users/runner/work/ghostty-pixel-scroll/ghostty-pixel-scroll/macos/Sources/Features/Terminal/Window\ Styles/TerminalTabsTitlebarTahoe.xib (in target 'Ghostty' from project 'Ghostty')
    cd /Users/runner/work/ghostty-pixel-scroll/ghostty-pixel-scroll/macos
    /Applications/Xcode_26.6.app/Contents/Developer/usr/bin/ibtool --errors --warnings --notices --module Ghostty --output-partial-info-plist /Users/runner/work/_temp/DerivedData/Build/Intermediates.noindex/Ghostty.build/ReleaseLocal/Ghostty.build/TerminalTabsTitlebarTahoe-PartialInfo.plist --auto-activate-custom-fonts --target-device mac --minimum-deployment-target 13.0 --output-format human-readable-text --compile /Users/runner/work/_temp/DerivedData/Build/Products/ReleaseLocal/Ghostty.app/Contents/Resources/TerminalTabsTitlebarTahoe.nib /Users/runner/work/ghostty-pixel-scroll/ghostty-pixel-scroll/macos/Sources/Features/Terminal/Window\ Styles/TerminalTabsTitlebarTahoe.xib

CompileXIB /Users/runner/work/ghostty-pixel-scroll/ghostty-pixel-scroll/macos/Sources/Features/Terminal/Window\ Styles/TerminalHiddenTitlebar.xib (in target 'Ghostty' from project 'Ghostty')
    cd /Users/runner/work/ghostty-pixel-scroll/ghostty-pixel-scroll/macos
    /Applications/Xcode_26.6.app/Contents/Developer/usr/bin/ibtool --errors --warnings --notices --module Ghostty --output-partial-info-plist /Users/runner/work/_temp/DerivedData/Build/Intermediates.noindex/Ghostty.build/ReleaseLocal/Ghostty.build/TerminalHiddenTitlebar-PartialInfo.plist --auto-activate-custom-fonts --target-device mac --minimum-deployment-target 13.0 --output-format human-readable-text --compile /Users/runner/work/_temp/DerivedData/Build/Products/ReleaseLocal/Ghostty.app/Contents/Resources/TerminalHiddenTitlebar.nib /Users/runner/work/ghostty-pixel-scroll/ghostty-pixel-scroll/macos/Sources/Features/Terminal/Window\ Styles/TerminalHiddenTitlebar.xib

CompileXIB /Users/runner/work/ghostty-pixel-scroll/ghostty-pixel-scroll/macos/Sources/Features/Terminal/Window\ Styles/Terminal.xib (in target 'Ghostty' from project 'Ghostty')
    cd /Users/runner/work/ghostty-pixel-scroll/ghostty-pixel-scroll/macos
    /Applications/Xcode_26.6.app/Contents/Developer/usr/bin/ibtool --errors --warnings --notices --module Ghostty --output-partial-info-plist /Users/runner/work/_temp/DerivedData/Build/Intermediates.noindex/Ghostty.build/ReleaseLocal/Ghostty.build/Terminal-PartialInfo.plist --auto-activate-custom-fonts --target-device mac --minimum-deployment-target 13.0 --output-format human-readable-text --compile /Users/runner/work/_temp/DerivedData/Build/Products/ReleaseLocal/Ghostty.app/Contents/Resources/Terminal.nib /Users/runner/work/ghostty-pixel-scroll/ghostty-pixel-scroll/macos/Sources/Features/Terminal/Window\ Styles/Terminal.xib

CompileXIB /Users/runner/work/ghostty-pixel-scroll/ghostty-pixel-scroll/macos/Sources/Features/Settings/ConfigurationErrors.xib (in target 'Ghostty' from project 'Ghostty')
    cd /Users/runner/work/ghostty-pixel-scroll/ghostty-pixel-scroll/macos
    /Applications/Xcode_26.6.app/Contents/Developer/usr/bin/ibtool --errors --warnings --notices --module Ghostty --output-partial-info-plist /Users/runner/work/_temp/DerivedData/Build/Intermediates.noindex/Ghostty.build/ReleaseLocal/Ghostty.build/ConfigurationErrors-PartialInfo.plist --auto-activate-custom-fonts --target-device mac --minimum-deployment-target 13.0 --output-format human-readable-text --compile /Users/runner/work/_temp/DerivedData/Build/Products/ReleaseLocal/Ghostty.app/Contents/Resources/ConfigurationErrors.nib /Users/runner/work/ghostty-pixel-scroll/ghostty-pixel-scroll/macos/Sources/Features/Settings/ConfigurationErrors.xib

CompileXIB /Users/runner/work/ghostty-pixel-scroll/ghostty-pixel-scroll/macos/Sources/Features/QuickTerminal/QuickTerminal.xib (in target 'Ghostty' from project 'Ghostty')
    cd /Users/runner/work/ghostty-pixel-scroll/ghostty-pixel-scroll/macos
    /Applications/Xcode_26.6.app/Contents/Developer/usr/bin/ibtool --errors --warnings --notices --module Ghostty --output-partial-info-plist /Users/runner/work/_temp/DerivedData/Build/Intermediates.noindex/Ghostty.build/ReleaseLocal/Ghostty.build/QuickTerminal-PartialInfo.plist --auto-activate-custom-fonts --target-device mac --minimum-deployment-target 13.0 --output-format human-readable-text --compile /Users/runner/work/_temp/DerivedData/Build/Products/ReleaseLocal/Ghostty.app/Contents/Resources/QuickTerminal.nib /Users/runner/work/ghostty-pixel-scroll/ghostty-pixel-scroll/macos/Sources/Features/QuickTerminal/QuickTerminal.xib

CompileXIB /Users/runner/work/ghostty-pixel-scroll/ghostty-pixel-scroll/macos/Sources/Features/ClipboardConfirmation/ClipboardConfirmation.xib (in target 'Ghostty' from project 'Ghostty')
    cd /Users/runner/work/ghostty-pixel-scroll/ghostty-pixel-scroll/macos
    /Applications/Xcode_26.6.app/Contents/Developer/usr/bin/ibtool --errors --warnings --notices --module Ghostty --output-partial-info-plist /Users/runner/work/_temp/DerivedData/Build/Intermediates.noindex/Ghostty.build/ReleaseLocal/Ghostty.build/ClipboardConfirmation-PartialInfo.plist --auto-activate-custom-fonts --target-device mac --minimum-deployment-target 13.0 --output-format human-readable-text --compile /Users/runner/work/_temp/DerivedData/Build/Products/ReleaseLocal/Ghostty.app/Contents/Resources/ClipboardConfirmation.nib /Users/runner/work/ghostty-pixel-scroll/ghostty-pixel-scroll/macos/Sources/Features/ClipboardConfirmation/ClipboardConfirmation.xib

CompileXIB /Users/runner/work/ghostty-pixel-scroll/ghostty-pixel-scroll/macos/Sources/Features/About/About.xib (in target 'Ghostty' from project 'Ghostty')
    cd /Users/runner/work/ghostty-pixel-scroll/ghostty-pixel-scroll/macos
    /Applications/Xcode_26.6.app/Contents/Developer/usr/bin/ibtool --errors --warnings --notices --module Ghostty --output-partial-info-plist /Users/runner/work/_temp/DerivedData/Build/Intermediates.noindex/Ghostty.build/ReleaseLocal/Ghostty.build/About-PartialInfo.plist --auto-activate-custom-fonts --target-device mac --minimum-deployment-target 13.0 --output-format human-readable-text --compile /Users/runner/work/_temp/DerivedData/Build/Products/ReleaseLocal/Ghostty.app/Contents/Resources/About.nib /Users/runner/work/ghostty-pixel-scroll/ghostty-pixel-scroll/macos/Sources/Features/About/About.xib

CompileXIB /Users/runner/work/ghostty-pixel-scroll/ghostty-pixel-scroll/macos/Sources/App/MainMenu.xib (in target 'Ghostty' from project 'Ghostty')
    cd /Users/runner/work/ghostty-pixel-scroll/ghostty-pixel-scroll/macos
    /Applications/Xcode_26.6.app/Contents/Developer/usr/bin/ibtool --errors --warnings --notices --module Ghostty --output-partial-info-plist /Users/runner/work/_temp/DerivedData/Build/Intermediates.noindex/Ghostty.build/ReleaseLocal/Ghostty.build/MainMenu-PartialInfo.plist --auto-activate-custom-fonts --target-device mac --minimum-deployment-target 13.0 --output-format human-readable-text --compile /Users/runner/work/_temp/DerivedData/Build/Products/ReleaseLocal/Ghostty.app/Contents/Resources/MainMenu.nib /Users/runner/work/ghostty-pixel-scroll/ghostty-pixel-scroll/macos/Sources/App/MainMenu.xib

CompileAssetCatalogVariant thinned /Users/runner/work/_temp/DerivedData/Build/Products/ReleaseLocal/Ghostty.app/Contents/Resources /Users/runner/work/ghostty-pixel-scroll/ghostty-pixel-scroll/images/Ghostty.icon /Users/runner/work/ghostty-pixel-scroll/ghostty-pixel-scroll/macos/Assets.xcassets (in target 'Ghostty' from project 'Ghostty')
    cd /Users/runner/work/ghostty-pixel-scroll/ghostty-pixel-scroll/macos
    /Applications/Xcode_26.6.app/Contents/Developer/usr/bin/actool /Users/runner/work/ghostty-pixel-scroll/ghostty-pixel-scroll/images/Ghostty.icon /Users/runner/work/ghostty-pixel-scroll/ghostty-pixel-scroll/macos/Assets.xcassets --compile /Users/runner/work/_temp/DerivedData/Build/Intermediates.noindex/Ghostty.build/ReleaseLocal/Ghostty.build/assetcatalog_output/thinned --output-format human-readable-text --notices --warnings --export-dependency-info /Users/runner/work/_temp/DerivedData/Build/Intermediates.noindex/Ghostty.build/ReleaseLocal/Ghostty.build/assetcatalog_dependencies_thinned --output-partial-info-plist /Users/runner/work/_temp/DerivedData/Build/Intermediates.noindex/Ghostty.build/ReleaseLocal/Ghostty.build/assetcatalog_generated_info.plist_thinned --app-icon Ghostty --accent-color AccentColor --enable-on-demand-resources NO --development-region en --target-device mac --minimum-deployment-target 13.0 --platform macosx
/* com.apple.actool.compilation-results */
/Users/runner/work/_temp/DerivedData/Build/Intermediates.noindex/Ghostty.build/ReleaseLocal/Ghostty.build/assetcatalog_generated_info.plist_thinned
/Users/runner/work/_temp/DerivedData/Build/Intermediates.noindex/Ghostty.build/ReleaseLocal/Ghostty.build/assetcatalog_output/thinned/Assets.car
/Users/runner/work/_temp/DerivedData/Build/Intermediates.noindex/Ghostty.build/ReleaseLocal/Ghostty.build/assetcatalog_output/thinned/Ghostty.icns


CodeSign /Users/runner/work/_temp/DerivedData/Build/Products/ReleaseLocal/Ghostty.app/Contents/Frameworks/Sparkle.framework/Versions/B (in target 'Ghostty' from project 'Ghostty')
    cd /Users/runner/work/ghostty-pixel-scroll/ghostty-pixel-scroll/macos
    
    Signing Identity:     "Sign to Run Locally"
    
    /usr/bin/codesign --force --sign - -o runtime --timestamp\=none --preserve-metadata\=identifier,entitlements,flags --generate-entitlement-der /Users/runner/work/_temp/DerivedData/Build/Products/ReleaseLocal/Ghostty.app/Contents/Frameworks/Sparkle.framework/Versions/B
/Users/runner/work/_temp/DerivedData/Build/Products/ReleaseLocal/Ghostty.app/Contents/Frameworks/Sparkle.framework/Versions/B: replacing existing signature

SwiftDriver Ghostty normal arm64 com.apple.xcode.tools.swift.compiler (in target 'Ghostty' from project 'Ghostty')
    cd /Users/runner/work/ghostty-pixel-scroll/ghostty-pixel-scroll/macos
    builtin-SwiftDriver -- /Applications/Xcode_26.6.app/Contents/Developer/Toolchains/XcodeDefault.xctoolchain/usr/bin/swiftc -module-name Ghostty -O -whole-module-optimization @/Users/runner/work/_temp/DerivedData/Build/Intermediates.noindex/Ghostty.build/ReleaseLocal/Ghostty.build/Objects-normal/arm64/Ghostty.SwiftFileList -enable-bare-slash-regex -enable-experimental-feature DebugDescriptionMacro -sdk /Applications/Xcode_26.6.app/Contents/Developer/Platforms/MacOSX.platform/Developer/SDKs/MacOSX26.5.sdk -target arm64-apple-macos13.0 -g -module-cache-path /Users/runner/work/_temp/DerivedData/ModuleCache.noindex -Xfrontend -serialize-debugging-options -profile-coverage-mapping -profile-generate -swift-version 5 -I /Users/runner/work/_temp/DerivedData/Build/Products/ReleaseLocal -F /Users/runner/work/_temp/DerivedData/Build/Products/ReleaseLocal -emit-localized-strings -emit-localized-strings-path /Users/runner/work/_temp/DerivedData/Build/Intermediates.noindex/Ghostty.build/ReleaseLocal/Ghostty.build/Objects-normal/arm64 -c -num-threads 3 -output-file-map /Users/runner/work/_temp/DerivedData/Build/Intermediates.noindex/Ghostty.build/ReleaseLocal/Ghostty.build/Objects-normal/arm64/Ghostty-OutputFileMap.json -use-frontend-parseable-output -save-temps -no-color-diagnostics -explicit-module-build -module-cache-path /Users/runner/work/_temp/DerivedData/Build/Intermediates.noindex/SwiftExplicitPrecompiledModules -clang-scanner-module-cache-path /Users/runner/work/_temp/DerivedData/ModuleCache.noindex -sdk-module-cache-path /Users/runner/work/_temp/DerivedData/ModuleCache.noindex -cache-compile-job -cas-path /Users/runner/Library/Developer/Xcode/DerivedData/CompilationCache.noindex/builtin -serialize-diagnostics -emit-dependencies -emit-module -emit-module-path /Users/runner/work/_temp/DerivedData/Build/Intermediates.noindex/Ghostty.build/ReleaseLocal/Ghostty.build/Objects-normal/arm64/Ghostty.swiftmodule -validate-clang-modules-once -clang-build-session-file /Users/runner/work/_temp/DerivedData/ModuleCache.noindex/Session.modulevalidation -Xcc -I/Users/runner/work/_temp/DerivedData/Build/Intermediates.noindex/Ghostty.build/ReleaseLocal/Ghostty.build/swift-overrides.hmap -emit-const-values -Xfrontend -const-gather-protocols-file -Xfrontend /Users/runner/work/_temp/DerivedData/Build/Intermediates.noindex/Ghostty.build/ReleaseLocal/Ghostty.build/Objects-normal/arm64/Ghostty_const_extract_protocols.json -Xcc -iquote -Xcc /Users/runner/work/_temp/DerivedData/Build/Intermediates.noindex/Ghostty.build/ReleaseLocal/Ghostty.build/Ghostty-generated-files.hmap -Xcc -I/Users/runner/work/_temp/DerivedData/Build/Intermediates.noindex/Ghostty.build/ReleaseLocal/Ghostty.build/Ghostty-own-target-headers.hmap -Xcc -I/Users/runner/work/_temp/DerivedData/Build/Intermediates.noindex/Ghostty.build/ReleaseLocal/Ghostty.build/Ghostty-all-target-headers.hmap -Xcc -iquote -Xcc /Users/runner/work/_temp/DerivedData/Build/Intermediates.noindex/Ghostty.build/ReleaseLocal/Ghostty.build/Ghostty-project-headers.hmap -Xcc -I/Users/runner/work/_temp/DerivedData/Build/Products/ReleaseLocal/include -Xcc -I/Users/runner/work/_temp/DerivedData/Build/Intermediates.noindex/Ghostty.build/ReleaseLocal/Ghostty.build/DerivedSources-normal/arm64 -Xcc -I/Users/runner/work/_temp/DerivedData/Build/Intermediates.noindex/Ghostty.build/ReleaseLocal/Ghostty.build/DerivedSources/arm64 -Xcc -I/Users/runner/work/_temp/DerivedData/Build/Intermediates.noindex/Ghostty.build/ReleaseLocal/Ghostty.build/DerivedSources -emit-objc-header -emit-objc-header-path /Users/runner/work/_temp/DerivedData/Build/Intermediates.noindex/Ghostty.build/ReleaseLocal/Ghostty.build/Objects-normal/arm64/Ghostty-Swift.h -import-objc-header /Users/runner/work/ghostty-pixel-scroll/ghostty-pixel-scroll/macos/Sources/App/ghostty-bridging-header.h -working-directory /Users/runner/work/ghostty-pixel-scroll/ghostty-pixel-scroll/macos -no-emit-module-separately-wmo

SwiftDriver\ Compilation Ghostty normal arm64 com.apple.xcode.tools.swift.compiler (in target 'Ghostty' from project 'Ghostty')
    cd /Users/runner/work/ghostty-pixel-scroll/ghostty-pixel-scroll/macos
    builtin-Swift-Compilation -- /Applications/Xcode_26.6.app/Contents/Developer/Toolchains/XcodeDefault.xctoolchain/usr/bin/swiftc -module-name Ghostty -O -whole-module-optimization @/Users/runner/work/_temp/DerivedData/Build/Intermediates.noindex/Ghostty.build/ReleaseLocal/Ghostty.build/Objects-normal/arm64/Ghostty.SwiftFileList -enable-bare-slash-regex -enable-experimental-feature DebugDescriptionMacro -sdk /Applications/Xcode_26.6.app/Contents/Developer/Platforms/MacOSX.platform/Developer/SDKs/MacOSX26.5.sdk -target arm64-apple-macos13.0 -g -module-cache-path /Users/runner/work/_temp/DerivedData/ModuleCache.noindex -Xfrontend -serialize-debugging-options -profile-coverage-mapping -profile-generate -swift-version 5 -I /Users/runner/work/_temp/DerivedData/Build/Products/ReleaseLocal -F /Users/runner/work/_temp/DerivedData/Build/Products/ReleaseLocal -emit-localized-strings -emit-localized-strings-path /Users/runner/work/_temp/DerivedData/Build/Intermediates.noindex/Ghostty.build/ReleaseLocal/Ghostty.build/Objects-normal/arm64 -c -num-threads 3 -output-file-map /Users/runner/work/_temp/DerivedData/Build/Intermediates.noindex/Ghostty.build/ReleaseLocal/Ghostty.build/Objects-normal/arm64/Ghostty-OutputFileMap.json -use-frontend-parseable-output -save-temps -no-color-diagnostics -explicit-module-build -module-cache-path /Users/runner/work/_temp/DerivedData/Build/Intermediates.noindex/SwiftExplicitPrecompiledModules -clang-scanner-module-cache-path /Users/runner/work/_temp/DerivedData/ModuleCache.noindex -sdk-module-cache-path /Users/runner/work/_temp/DerivedData/ModuleCache.noindex -cache-compile-job -cas-path /Users/runner/Library/Developer/Xcode/DerivedData/CompilationCache.noindex/builtin -serialize-diagnostics -emit-dependencies -emit-module -emit-module-path /Users/runner/work/_temp/DerivedData/Build/Intermediates.noindex/Ghostty.build/ReleaseLocal/Ghostty.build/Objects-normal/arm64/Ghostty.swiftmodule -validate-clang-modules-once -clang-build-session-file /Users/runner/work/_temp/DerivedData/ModuleCache.noindex/Session.modulevalidation -Xcc -I/Users/runner/work/_temp/DerivedData/Build/Intermediates.noindex/Ghostty.build/ReleaseLocal/Ghostty.build/swift-overrides.hmap -emit-const-values -Xfrontend -const-gather-protocols-file -Xfrontend /Users/runner/work/_temp/DerivedData/Build/Intermediates.noindex/Ghostty.build/ReleaseLocal/Ghostty.build/Objects-normal/arm64/Ghostty_const_extract_protocols.json -Xcc -iquote -Xcc /Users/runner/work/_temp/DerivedData/Build/Intermediates.noindex/Ghostty.build/ReleaseLocal/Ghostty.build/Ghostty-generated-files.hmap -Xcc -I/Users/runner/work/_temp/DerivedData/Build/Intermediates.noindex/Ghostty.build/ReleaseLocal/Ghostty.build/Ghostty-own-target-headers.hmap -Xcc -I/Users/runner/work/_temp/DerivedData/Build/Intermediates.noindex/Ghostty.build/ReleaseLocal/Ghostty.build/Ghostty-all-target-headers.hmap -Xcc -iquote -Xcc /Users/runner/work/_temp/DerivedData/Build/Intermediates.noindex/Ghostty.build/ReleaseLocal/Ghostty.build/Ghostty-project-headers.hmap -Xcc -I/Users/runner/work/_temp/DerivedData/Build/Products/ReleaseLocal/include -Xcc -I/Users/runner/work/_temp/DerivedData/Build/Intermediates.noindex/Ghostty.build/ReleaseLocal/Ghostty.build/DerivedSources-normal/arm64 -Xcc -I/Users/runner/work/_temp/DerivedData/Build/Intermediates.noindex/Ghostty.build/ReleaseLocal/Ghostty.build/DerivedSources/arm64 -Xcc -I/Users/runner/work/_temp/DerivedData/Build/Intermediates.noindex/Ghostty.build/ReleaseLocal/Ghostty.build/DerivedSources -emit-objc-header -emit-objc-header-path /Users/runner/work/_temp/DerivedData/Build/Intermediates.noindex/Ghostty.build/ReleaseLocal/Ghostty.build/Objects-normal/arm64/Ghostty-Swift.h -import-objc-header /Users/runner/work/ghostty-pixel-scroll/ghostty-pixel-scroll/macos/Sources/App/ghostty-bridging-header.h -working-directory /Users/runner/work/ghostty-pixel-scroll/ghostty-pixel-scroll/macos -no-emit-module-separately-wmo

SwiftExplicitDependencyGeneratePcm arm64 /Users/runner/work/_temp/DerivedData/ModuleCache.noindex/_AvailabilityInternal-AK2FCVBGHDFMKYI8Q8VBBMCHX.pcm
Cache hit

SwiftExplicitDependencyGeneratePcm arm64 /Users/runner/work/_temp/DerivedData/ModuleCache.noindex/_Builtin_stdbool-BYKL9V9T4QELB87PMJAFV7UZB.pcm
Cache hit

SwiftExplicitDependencyGeneratePcm arm64 /Users/runner/work/_temp/DerivedData/ModuleCache.noindex/_Builtin_stddef-7LR0YZH8HSWEXAXDUA3100CS4.pcm
Cache hit

SwiftExplicitDependencyGeneratePcm arm64 /Users/runner/work/_temp/DerivedData/ModuleCache.noindex/_Builtin_stdarg-93AIF7PIA27R2WIUT7ERW3DLU.pcm
Cache hit

SwiftExplicitDependencyGeneratePcm arm64 /Users/runner/work/_temp/DerivedData/ModuleCache.noindex/ptrcheck-79HIXLQNMD85DWEL1X102DWPC.pcm
Cache hit

SwiftExplicitDependencyGeneratePcm arm64 /Users/runner/work/_temp/DerivedData/ModuleCache.noindex/_SwiftConcurrencyShims-4I7YMIFJWQYY427IVKAXETY8G.pcm
Cache hit

SwiftExplicitDependencyGeneratePcm arm64 /Users/runner/work/_temp/DerivedData/ModuleCache.noindex/_DarwinFoundation1-83D085HL6HWGS1MMNNTIWZUJ.pcm
Cache hit

SwiftExplicitDependencyGeneratePcm arm64 /Users/runner/work/_temp/DerivedData/ModuleCache.noindex/SwiftShims-496OHS7P8JQPQO8506C2WFV1.pcm
Cache hit

SwiftExplicitDependencyGeneratePcm arm64 /Users/runner/work/_temp/DerivedData/ModuleCache.noindex/ExtensionFoundation-9WJNT4Q6897RZ1688I1WODN7G.pcm
Cache hit

SwiftExplicitDependencyGeneratePcm arm64 /Users/runner/work/_temp/DerivedData/ModuleCache.noindex/_DarwinFoundation2-52ODHIRVSCNWOSIZG76PC2E4T.pcm
Cache hit

SwiftExplicitDependencyGeneratePcm arm64 /Users/runner/work/_temp/DerivedData/ModuleCache.noindex/_Builtin_limits-CPLHRN5B80WAOY52E559JL6PF.pcm
Cache hit

SwiftExplicitDependencyGeneratePcm arm64 /Users/runner/work/_temp/DerivedData/ModuleCache.noindex/_Builtin_tgmath-3GPY7KA6ZDEP3N7LGRZ50BS93.pcm
Cache hit

SwiftExplicitDependencyGeneratePcm arm64 /Users/runner/work/_temp/DerivedData/ModuleCache.noindex/_Builtin_stdint-HGL2VL2ZKEO7YX71GAWQ25VR.pcm
Cache hit

SwiftExplicitDependencyGeneratePcm arm64 /Users/runner/work/_temp/DerivedData/ModuleCache.noindex/sys_types-9DWM1E9GJP0S3H6Z5EVE8U2Y7.pcm
Cache hit

SwiftExplicitDependencyGeneratePcm arm64 /Users/runner/work/_temp/DerivedData/ModuleCache.noindex/_Builtin_intrinsics-AVB902JMYZ089SY1628XAOPIH.pcm
Cache hit

SwiftExplicitDependencyGeneratePcm arm64 /Users/runner/work/_temp/DerivedData/ModuleCache.noindex/_Builtin_stdatomic-6PA568ZFLNJ5EV8YYVPIT5ZGW.pcm
Cache hit

SwiftExplicitDependencyGeneratePcm arm64 /Users/runner/work/_temp/DerivedData/Build/Intermediates.noindex/SwiftExplicitPrecompiledModules/GhosttyKit-3DBPZWA75C3V3UB57BJTVRXXO.pcm
Cache hit

SwiftExplicitDependencyGeneratePcm arm64 /Users/runner/work/_temp/DerivedData/ModuleCache.noindex/libDER-EXME4DW6QAWDK4GBOAF6AVUFO.pcm
Cache hit

SwiftExplicitDependencyGeneratePcm arm64 /Users/runner/work/_temp/DerivedData/ModuleCache.noindex/simd-4DBNMBFIQK5GAK4TVIZPGPD6J.pcm
Cache hit

SwiftExplicitDependencyGeneratePcm arm64 /Users/runner/work/_temp/DerivedData/ModuleCache.noindex/_Builtin_float-6IMF2BZ80LLNQ6D1F066QYUUW.pcm
Cache hit

SwiftExplicitDependencyGeneratePcm arm64 /Users/runner/work/_temp/DerivedData/ModuleCache.noindex/Spatial-YXMUGPLHBD8R6BHQDN4VPY12.pcm
Cache hit

SwiftExplicitDependencyGeneratePcm arm64 /Users/runner/work/_temp/DerivedData/ModuleCache.noindex/DeveloperToolsSupport-26HA1CB2PZBWXNQ28P8CH3BZM.pcm
Cache hit

SwiftExplicitDependencyGeneratePcm arm64 /Users/runner/work/_temp/DerivedData/ModuleCache.noindex/ptrauth-1VLE5VJRKCJICKK8IQGB4LSZ6.pcm
Cache hit

SwiftExplicitDependencyGeneratePcm arm64 /Users/runner/work/_temp/DerivedData/ModuleCache.noindex/OpenGL-4WDNA5E2XQYEYTW7U66K424Q0.pcm
Cache hit

SwiftExplicitDependencyGeneratePcm arm64 /Users/runner/work/_temp/DerivedData/ModuleCache.noindex/_DarwinFoundation3-8RBBW1T43PHDFUIHA97CBDWOA.pcm
Cache hit

SwiftExplicitDependencyGeneratePcm arm64 /Users/runner/work/_temp/DerivedData/ModuleCache.noindex/_Builtin_inttypes-DJ2Q67SHY39YMN0Q5QN28W6H.pcm
Cache hit

SwiftExplicitDependencyGeneratePcm arm64 /Users/runner/work/_temp/DerivedData/ModuleCache.noindex/Darwin-6VVT9PAKS5ID0UFQB2TE8AJFL.pcm
Cache hit

SwiftExplicitDependencyGeneratePcm arm64 /Users/runner/work/_temp/DerivedData/ModuleCache.noindex/MachO-3PWV0ZTPD5EHJEMFK6DOTXBQL.pcm
Cache hit

SwiftExplicitDependencyGeneratePcm arm64 /Users/runner/work/_temp/DerivedData/ModuleCache.noindex/CUPS-9D43RR6562ANQAMYZN5JXS87L.pcm
Cache hit

SwiftExplicitDependencyGeneratePcm arm64 /Users/runner/work/_temp/DerivedData/ModuleCache.noindex/launch-45FQ1F8MDGME5GPOKS8PQ6H8M.pcm
Cache hit

SwiftExplicitDependencyGeneratePcm arm64 /Users/runner/work/_temp/DerivedData/ModuleCache.noindex/libkern-3PD8EWHH5ZZR9TX9OZZOWA5F0.pcm
Cache hit

SwiftExplicitDependencyGeneratePcm arm64 /Users/runner/work/_temp/DerivedData/ModuleCache.noindex/ObjectiveC-8SCK4XLCW7LDQ6DWTY6AZV5U0.pcm
Cache hit

SwiftExplicitDependencyGeneratePcm arm64 /Users/runner/work/_temp/DerivedData/ModuleCache.noindex/os_object-7N6E36QP3PO20X8VDASJPUDZ5.pcm
Cache hit

SwiftExplicitDependencyGeneratePcm arm64 /Users/runner/work/_temp/DerivedData/ModuleCache.noindex/os_workgroup-9BRVAWV9FT25B37PPI5S4L4J7.pcm
Cache hit

SwiftExplicitDependencyGeneratePcm arm64 /Users/runner/work/_temp/DerivedData/ModuleCache.noindex/Dispatch-606H9WBYDIDGOI8232H6EBGZG.pcm
Cache hit

SwiftExplicitDependencyGeneratePcm arm64 /Users/runner/work/_temp/DerivedData/ModuleCache.noindex/CoreFoundation-CO2A1QI5IAD22RTYDFIXP2QKE.pcm
Cache hit

SwiftExplicitDependencyGeneratePcm arm64 /Users/runner/work/_temp/DerivedData/ModuleCache.noindex/dnssd-2FAYL5WM9Z0ESG5TI77BG86AI.pcm
Cache hit

SwiftExplicitDependencyGeneratePcm arm64 /Users/runner/work/_temp/DerivedData/ModuleCache.noindex/ColorSync-3DVN7DK5KJJ96NZDYJ9YFRRB7.pcm
Cache hit

SwiftExplicitDependencyGeneratePcm arm64 /Users/runner/work/_temp/DerivedData/ModuleCache.noindex/XPC-3RBQCH4NN1EEAK97PYEPCK038.pcm
Cache hit

SwiftExplicitDependencyGeneratePcm arm64 /Users/runner/work/_temp/DerivedData/ModuleCache.noindex/IOKit-5SGD4NQD8XLWGUWANFORUQG56.pcm
Cache hit

SwiftExplicitDependencyGeneratePcm arm64 /Users/runner/work/_temp/DerivedData/ModuleCache.noindex/Security-EW8O7FE00NBYP0JK2T1YZARW4.pcm
Cache hit

SwiftExplicitDependencyGeneratePcm arm64 /Users/runner/work/_temp/DerivedData/ModuleCache.noindex/CoreGraphics-5II8UIC0MVW73C117BSGQ66SX.pcm
Cache hit

SwiftExplicitDependencyGeneratePcm arm64 /Users/runner/work/_temp/DerivedData/ModuleCache.noindex/DiskArbitration-CYTIZZXIV07JP4IJZMHLFQGXW.pcm
Cache hit

SwiftExplicitDependencyGeneratePcm arm64 /Users/runner/work/_temp/DerivedData/ModuleCache.noindex/ImageIO-4HWUASL1NE0DOFUK1F9ZTB9C2.pcm
Cache hit

SwiftExplicitDependencyGeneratePcm arm64 /Users/runner/work/_temp/DerivedData/ModuleCache.noindex/CoreText-ESVTLANNQ27T5O6N7NUUIMR15.pcm
Cache hit

SwiftExplicitDependencyGeneratePcm arm64 /Users/runner/work/_temp/DerivedData/ModuleCache.noindex/CFNetwork-CTZ5YGWZH4NXV3DZNJF9F4GKC.pcm
Cache hit

SwiftExplicitDependencyGeneratePcm arm64 /Users/runner/work/_temp/DerivedData/ModuleCache.noindex/os-D276KBI1OA62O5F40QETH1FAM.pcm
Cache hit

SwiftExplicitDependencyGeneratePcm arm64 /Users/runner/work/_temp/DerivedData/ModuleCache.noindex/CoreServices-O83F49BTIARQ3VASTQSVHP09.pcm
Cache hit

SwiftExplicitDependencyGeneratePcm arm64 /Users/runner/work/_temp/DerivedData/ModuleCache.noindex/Foundation-CN5PZEKRBAS3RODE0ZI76OUR6.pcm
Cache hit

SwiftExplicitDependencyGeneratePcm arm64 /Users/runner/work/_temp/DerivedData/ModuleCache.noindex/UniformTypeIdentifiers-DED6VI6606NR4DI1II9JTW55A.pcm
Cache hit

SwiftExplicitDependencyGeneratePcm arm64 /Users/runner/work/_temp/DerivedData/ModuleCache.noindex/Symbols-5TNDNX9AJCV5KE35M5THITDRS.pcm
Cache hit

SwiftExplicitDependencyGeneratePcm arm64 /Users/runner/work/_temp/DerivedData/ModuleCache.noindex/AppIntents-5NUH86VO77VUGAQQX6XQH10VT.pcm
Cache hit

SwiftExplicitDependencyGeneratePcm arm64 /Users/runner/work/_temp/DerivedData/ModuleCache.noindex/CoreSpotlight-3OY0P8VTC710ULTVUE9GGUS6Q.pcm
Cache hit

SwiftExplicitDependencyGeneratePcm arm64 /Users/runner/work/_temp/DerivedData/ModuleCache.noindex/DataDetection-CN6SBWCU0RHX0XMTI9OU4L9CS.pcm
Cache hit

SwiftExplicitDependencyGeneratePcm arm64 /Users/runner/work/_temp/DerivedData/ModuleCache.noindex/UserNotifications-BXJXQBVMMYZTNTGJTKVPCW0KS.pcm
Cache hit

SwiftExplicitDependencyGeneratePcm arm64 /Users/runner/work/_temp/DerivedData/Build/Intermediates.noindex/SwiftExplicitPrecompiledModules/Sparkle-8YRUZYDNHUHYS3VG485B5PNVM.pcm
Cache hit

SwiftExplicitDependencyGeneratePcm arm64 /Users/runner/work/_temp/DerivedData/ModuleCache.noindex/OSLog-4C35HEBB3BE99JW2IM9SP9TH0.pcm
Cache hit

SwiftExplicitDependencyGeneratePcm arm64 /Users/runner/work/_temp/DerivedData/ModuleCache.noindex/RelevanceKit-64BBK43I3IULZRP0C5E9Y05FW.pcm
Cache hit

SwiftExplicitDependencyGeneratePcm arm64 /Users/runner/work/_temp/DerivedData/ModuleCache.noindex/IOSurface-5G34J0EOK41UWW9F61X0HLX3Z.pcm
Cache hit

SwiftExplicitDependencyGeneratePcm arm64 /Users/runner/work/_temp/DerivedData/ModuleCache.noindex/CoreData-BSIKYLUNQ57BNDUPMH33JJCH3.pcm
Cache hit

SwiftExplicitDependencyGeneratePcm arm64 /Users/runner/work/_temp/DerivedData/ModuleCache.noindex/_LocationEssentials-BXVZMQWDTA6UDXITZQDMFXRTZ.pcm
Cache hit

SwiftExplicitDependencyGeneratePcm arm64 /Users/runner/work/_temp/DerivedData/ModuleCache.noindex/Network-AQI4DPHRF1YX7JHWFZ2TJ91C5.pcm
Cache hit

SwiftExplicitDependencyGeneratePcm arm64 /Users/runner/work/_temp/DerivedData/ModuleCache.noindex/Accessibility-EZ8YGTQ4X0CTVDN0LVDBEIWB4.pcm
Cache hit

SwiftExplicitDependencyGeneratePcm arm64 /Users/runner/work/_temp/DerivedData/ModuleCache.noindex/CoreTransferable-3X0MXRK3KHS44RRPFBM3DM4QV.pcm
Cache hit

SwiftExplicitDependencyGeneratePcm arm64 /Users/runner/work/_temp/DerivedData/ModuleCache.noindex/ModelIO-1AWL966S2W57Q7DBGTZ6IIJ6E.pcm
Cache hit

SwiftExplicitDependencyGeneratePcm arm64 /Users/runner/work/_temp/DerivedData/ModuleCache.noindex/CoreLocation-IFXA6P7OE15DAGE4YY7IFAFL.pcm
Cache hit

SwiftExplicitDependencyGeneratePcm arm64 /Users/runner/work/_temp/DerivedData/ModuleCache.noindex/Metal-B3OQDWWCR68PGDAJ33B3Z1XN1.pcm
Cache hit

SwiftExplicitDependencyGeneratePcm arm64 /Users/runner/work/_temp/DerivedData/ModuleCache.noindex/ApplicationServices-BSC45XMZS1Q8WJQNWN16UIGMO.pcm
Cache hit

SwiftExplicitDependencyGeneratePcm arm64 /Users/runner/work/_temp/DerivedData/ModuleCache.noindex/Carbon-21SLODUSR2UCUSGQ3PIVW4B99.pcm
Cache hit

SwiftExplicitDependencyGeneratePcm arm64 /Users/runner/work/_temp/DerivedData/ModuleCache.noindex/CoreVideo-6NA8R5EF5U4CU2V0F5KG2BSPQ.pcm
Cache hit

SwiftExplicitDependencyGeneratePcm arm64 /Users/runner/work/_temp/DerivedData/ModuleCache.noindex/QuartzCore-11F9DRVGJKEEZS9HECMULINBT.pcm
Cache hit

SwiftExplicitDependencyGeneratePcm arm64 /Users/runner/work/_temp/DerivedData/ModuleCache.noindex/CoreImage-E21KVKMGPPXA03FV2FI8JBMZC.pcm
Cache hit

SwiftExplicitDependencyGeneratePcm arm64 /Users/runner/work/_temp/DerivedData/ModuleCache.noindex/SwiftUICore-EBS01INKOLYE7O9DJE2WVO2MJ.pcm
Cache hit

SwiftExplicitDependencyGeneratePcm arm64 /Users/runner/work/_temp/DerivedData/ModuleCache.noindex/AppKit-5EZ4AE1SCU4MTMYS9UDE6I8GE.pcm
Cache hit

SwiftExplicitDependencyGeneratePcm arm64 /Users/runner/work/_temp/DerivedData/ModuleCache.noindex/MetalKit-BRL8ZQXQ3LPLIY6VQ3A8IXRPK.pcm
Cache hit

SwiftExplicitDependencyGeneratePcm arm64 /Users/runner/work/_temp/DerivedData/ModuleCache.noindex/Cocoa-726UA4LKSS2I83IX5RROG0421.pcm
Cache hit

SwiftExplicitDependencyGeneratePcm arm64 /Users/runner/work/_temp/DerivedData/ModuleCache.noindex/SwiftUI-ANNH3DYSIBLY9HYWG08SO5EDF.pcm
Cache hit

SwiftGeneratePch normal arm64 Compiling\ bridging\ header (in target 'Ghostty' from project 'Ghostty')
Cache hit

SwiftDriverJobDiscovery normal arm64 Compiling bridging header (in target 'Ghostty' from project 'Ghostty')

SwiftCompile normal arm64 Compiling\ AppDelegate.swift,\ AppDelegate+Ghostty.swift,\ CommandLineOpenFileFilter.swift,\ main.swift,\ AboutController.swift,\ AboutView.swift,\ AboutViewModel.swift,\ CyclingIconView.swift,\ CommandEntity.swift,\ TerminalEntity.swift,\ CloseTerminalIntent.swift,\ CommandPaletteIntent.swift,\ FocusTerminalIntent.swift,\ GetTerminalDetailsIntent.swift,\ GhosttyIntentError.swift,\ InputIntent.swift,\ IntentPermission.swift,\ KeybindIntent.swift,\ NewTerminalIntent.swift,\ QuickTerminalIntent.swift,\ AppDelegate+AppleScript.swift,\ Ghostty.Input.Mods+AppleScript.swift,\ ScriptInputTextCommand.swift,\ ScriptKeyEventCommand.swift,\ ScriptMouseButtonCommand.swift,\ ScriptMousePosCommand.swift,\ ScriptMouseScrollCommand.swift,\ ScriptRecord.swift,\ ScriptSurfaceConfiguration.swift,\ ScriptTab.swift,\ ScriptTerminal.swift,\ ScriptWindow.swift,\ ClipboardConfirmationController.swift,\ ClipboardConfirmationView.swift,\ CommandPalette.swift,\ TerminalCommandPalette.swift,\ Notification+AppIcon.swift,\ UserDefaults+AppIcon.swift,\ AppIcon.swift,\ ColorizedGhosttyIcon.swift,\ ColorizedGhosttyIconImage.swift,\ ColorizedGhosttyIconView.swift,\ GlobalEventTap.swift,\ QuickTerminalController.swift,\ QuickTerminalPosition.swift,\ QuickTerminalRestorableState.swift,\ QuickTerminalScreen.swift,\ QuickTerminalScreenStateCache.swift,\ QuickTerminalSize.swift,\ QuickTerminalSpaceBehavior.swift,\ QuickTerminalWindow.swift,\ SecureInput.swift,\ SecureInputOverlay.swift,\ ServiceProvider.swift,\ ConfigurationErrorsController.swift,\ ConfigurationErrorsView.swift,\ SettingsView.swift,\ SplitTree.swift,\ SplitView.swift,\ SplitView.Divider.swift,\ TerminalSplitTreeView.swift,\ HiddenTitlebarTerminalWindow.swift,\ TerminalWindow.swift,\ TitlebarTabsTahoeTerminalWindow.swift,\ TitlebarTabsVenturaTerminalWindow.swift,\ TransparentTitlebarTerminalWindow.swift,\ BaseTerminalController.swift,\ ErrorView.swift,\ TerminalController.swift,\ TerminalRestorable.swift,\ TerminalRestorableState+InteralState.swift,\ TerminalTabColor.swift,\ TerminalView.swift,\ TerminalViewContainer.swift,\ UpdateBadge.swift,\ UpdateController.swift,\ UpdateDelegate.swift,\ UpdateDriver.swift,\ UpdatePill.swift,\ UpdatePopoverView.swift,\ UpdateSimulator.swift,\ UpdateViewModel.swift,\ ChildExitedMessageBar.swift,\ InspectorView.swift,\ OSSurfaceView.swift,\ SurfaceDragSource.swift,\ SurfaceGrabHandle.swift,\ SurfaceProgressBar.swift,\ SurfaceScrollView.swift,\ SurfaceView.swift,\ SurfaceView_AppKit.swift,\ SurfaceView+Image.swift,\ SurfaceView+Transferable.swift,\ FullscreenMode+Extension.swift,\ Ghostty.Action.swift,\ Ghostty.App.swift,\ Ghostty.ChildExitedMessage.swift,\ Ghostty.ClipboardConfirmationRequest.swift,\ Ghostty.Command.swift,\ Ghostty.Config.swift,\ Ghostty.ConfigTypes.swift,\ Ghostty.Error.swift,\ Ghostty.Event.swift,\ Ghostty.Input.swift,\ Ghostty.Inspector.swift,\ Ghostty.MenuShortcutManager.swift,\ Ghostty.Shell.swift,\ Ghostty.Surface.swift,\ GhosttyDelegate.swift,\ GhosttyPackage.swift,\ GhosttyPackageMeta.swift,\ NSEvent+Extension.swift,\ Array+Extension.swift,\ Double+Extension.swift,\ Duration+Extension.swift,\ EventModifiers+Extension.swift,\ FileHandle+Extension.swift,\ KeyboardShortcut+Extension.swift,\ NSAlert+Extension.swift,\ NSAppearance+Extension.swift,\ NSApplication+Extension.swift,\ NSColor+Extension.swift,\ NSImage+Extension.swift,\ NSMenu+Extension.swift,\ NSMenuItem+Extension.swift,\ NSPasteboard+Extension.swift,\ NSScreen+Extension.swift,\ NSView+Extension.swift,\ NSWindow+Extension.swift,\ NSWorkspace+Extension.swift,\ ObjectIdentifier+Extension.swift,\ Optional+Extension.swift,\ OSColor+Extension.swift,\ OSPasteboard+Extension.swift,\ String+Extension.swift,\ Transferable+Extension.swift,\ UndoManager+Extension.swift,\ URL+Extension.swift,\ UserDefaults+Extension.swift,\ UUID+Extension.swift,\ View+Extension.swift,\ CGS.swift,\ Dock.swift,\ AppInfo.swift,\ Backport.swift,\ CodableBridge.swift,\ Cursor.swift,\ ExpiringUndoManager.swift,\ Fullscreen.swift,\ KeyboardLayout.swift,\ LastWindowPosition.swift,\ MetalView.swift,\ NonDraggableHostingView.swift,\ PermissionRequest.swift,\ TabGroupCloseCoordinator.swift,\ TabTitleEditor.swift,\ UntrustedURL.swift,\ UntrustedURLAlert.swift,\ URLHoverBanner.swift,\ Weak.swift,\ GeneratedAssetSymbols.swift /Users/runner/work/ghostty-pixel-scroll/ghostty-pixel-scroll/macos/Sources/App/AppDelegate.swift /Users/runner/work/ghostty-pixel-scroll/ghostty-pixel-scroll/macos/Sources/App/AppDelegate+Ghostty.swift /Users/runner/work/ghostty-pixel-scroll/ghostty-pixel-scroll/macos/Sources/App/CommandLineOpenFileFilter.swift /Users/runner/work/ghostty-pixel-scroll/ghostty-pixel-scroll/macos/Sources/App/main.swift /Users/runner/work/ghostty-pixel-scroll/ghostty-pixel-scroll/macos/Sources/Features/About/AboutController.swift /Users/runner/work/ghostty-pixel-scroll/ghostty-pixel-scroll/macos/Sources/Features/About/AboutView.swift /Users/runner/work/ghostty-pixel-scroll/ghostty-pixel-scroll/macos/Sources/Features/About/AboutViewModel.swift /Users/runner/work/ghostty-pixel-scroll/ghostty-pixel-scroll/macos/Sources/Features/About/CyclingIconView.swift /Users/runner/work/ghostty-pixel-scroll/ghostty-pixel-scroll/macos/Sources/Features/App\ Intents/Entities/CommandEntity.swift /Users/runner/work/ghostty-pixel-scroll/ghostty-pixel-scroll/macos/Sources/Features/App\ Intents/Entities/TerminalEntity.swift /Users/runner/work/ghostty-pixel-scroll/ghostty-pixel-scroll/macos/Sources/Features/App\ Intents/CloseTerminalIntent.swift /Users/runner/work/ghostty-pixel-scroll/ghostty-pixel-scroll/macos/Sources/Features/App\ Intents/CommandPaletteIntent.swift /Users/runner/work/ghostty-pixel-scroll/ghostty-pixel-scroll/macos/Sources/Features/App\ Intents/FocusTerminalIntent.swift /Users/runner/work/ghostty-pixel-scroll/ghostty-pixel-scroll/macos/Sources/Features/App\ Intents/GetTerminalDetailsIntent.swift /Users/runner/work/ghostty-pixel-scroll/ghostty-pixel-scroll/macos/Sources/Features/App\ Intents/GhosttyIntentError.swift /Users/runner/work/ghostty-pixel-scroll/ghostty-pixel-scroll/macos/Sources/Features/App\ Intents/InputIntent.swift /Users/runner/work/ghostty-pixel-scroll/ghostty-pixel-scroll/macos/Sources/Features/App\ Intents/IntentPermission.swift /Users/runner/work/ghostty-pixel-scroll/ghostty-pixel-scroll/macos/Sources/Features/App\ Intents/KeybindIntent.swift /Users/runner/work/ghostty-pixel-scroll/ghostty-pixel-scroll/macos/Sources/Features/App\ Intents/NewTerminalIntent.swift /Users/runner/work/ghostty-pixel-scroll/ghostty-pixel-scroll/macos/Sources/Features/App\ Intents/QuickTerminalIntent.swift /Users/runner/work/ghostty-pixel-scroll/ghostty-pixel-scroll/macos/Sources/Features/AppleScript/AppDelegate+AppleScript.swift /Users/runner/work/ghostty-pixel-scroll/ghostty-pixel-scroll/macos/Sources/Features/AppleScript/Ghostty.Input.Mods+AppleScript.swift /Users/runner/work/ghostty-pixel-scroll/ghostty-pixel-scroll/macos/Sources/Features/AppleScript/ScriptInputTextCommand.swift /Users/runner/work/ghostty-pixel-scroll/ghostty-pixel-scroll/macos/Sources/Features/AppleScript/ScriptKeyEventCommand.swift /Users/runner/work/ghostty-pixel-scroll/ghostty-pixel-scroll/macos/Sources/Features/AppleScript/ScriptMouseButtonCommand.swift /Users/runner/work/ghostty-pixel-scroll/ghostty-pixel-scroll/macos/Sources/Features/AppleScript/ScriptMousePosCommand.swift /Users/runner/work/ghostty-pixel-scroll/ghostty-pixel-scroll/macos/Sources/Features/AppleScript/ScriptMouseScrollCommand.swift /Users/runner/work/ghostty-pixel-scroll/ghostty-pixel-scroll/macos/Sources/Features/AppleScript/ScriptRecord.swift /Users/runner/work/ghostty-pixel-scroll/ghostty-pixel-scroll/macos/Sources/Features/AppleScript/ScriptSurfaceConfiguration.swift /Users/runner/work/ghostty-pixel-scroll/ghostty-pixel-scroll/macos/Sources/Features/AppleScript/ScriptTab.swift /Users/runner/work/ghostty-pixel-scroll/ghostty-pixel-scroll/macos/Sources/Features/AppleScript/ScriptTerminal.swift /Users/runner/work/ghostty-pixel-scroll/ghostty-pixel-scroll/macos/Sources/Features/AppleScript/ScriptWindow.swift /Users/runner/work/ghostty-pixel-scroll/ghostty-pixel-scroll/macos/Sources/Features/ClipboardConfirmation/ClipboardConfirmationController.swift /Users/runner/work/ghostty-pixel-scroll/ghostty-pixel-scroll/macos/Sources/Features/ClipboardConfirmation/ClipboardConfirmationView.swift /Users/runner/work/ghostty-pixel-scroll/ghostty-pixel-scroll/macos/Sources/Features/Command\ Palette/CommandPalette.swift /Users/runner/work/ghostty-pixel-scroll/ghostty-pixel-scroll/macos/Sources/Features/Command\ Palette/TerminalCommandPalette.swift /Users/runner/work/ghostty-pixel-scroll/ghostty-pixel-scroll/macos/Sources/Features/Custom\ App\ Icon/Extensions/Notification+AppIcon.swift /Users/runner/work/ghostty-pixel-scroll/ghostty-pixel-scroll/macos/Sources/Features/Custom\ App\ Icon/Extensions/UserDefaults+AppIcon.swift /Users/runner/work/ghostty-pixel-scroll/ghostty-pixel-scroll/macos/Sources/Features/Custom\ App\ Icon/AppIcon.swift /Users/runner/work/ghostty-pixel-scroll/ghostty-pixel-scroll/macos/Sources/Features/Custom\ App\ Icon/ColorizedGhosttyIcon.swift /Users/runner/work/ghostty-pixel-scroll/ghostty-pixel-scroll/macos/Sources/Features/Custom\ App\ Icon/ColorizedGhosttyIconImage.swift /Users/runner/work/ghostty-pixel-scroll/ghostty-pixel-scroll/macos/Sources/Features/Custom\ App\ Icon/ColorizedGhosttyIconView.swift /Users/runner/work/ghostty-pixel-scroll/ghostty-pixel-scroll/macos/Sources/Features/Global\ Keybinds/GlobalEventTap.swift /Users/runner/work/ghostty-pixel-scroll/ghostty-pixel-scroll/macos/Sources/Features/QuickTerminal/QuickTerminalController.swift /Users/runner/work/ghostty-pixel-scroll/ghostty-pixel-scroll/macos/Sources/Features/QuickTerminal/QuickTerminalPosition.swift /Users/runner/work/ghostty-pixel-scroll/ghostty-pixel-scroll/macos/Sources/Features/QuickTerminal/QuickTerminalRestorableState.swift /Users/runner/work/ghostty-pixel-scroll/ghostty-pixel-scroll/macos/Sources/Features/QuickTerminal/QuickTerminalScreen.swift /Users/runner/work/ghostty-pixel-scroll/ghostty-pixel-scroll/macos/Sources/Features/QuickTerminal/QuickTerminalScreenStateCache.swift /Users/runner/work/ghostty-pixel-scroll/ghostty-pixel-scroll/macos/Sources/Features/QuickTerminal/QuickTerminalSize.swift /Users/runner/work/ghostty-pixel-scroll/ghostty-pixel-scroll/macos/Sources/Features/QuickTerminal/QuickTerminalSpaceBehavior.swift /Users/runner/work/ghostty-pixel-scroll/ghostty-pixel-scroll/macos/Sources/Features/QuickTerminal/QuickTerminalWindow.swift /Users/runner/work/ghostty-pixel-scroll/ghostty-pixel-scroll/macos/Sources/Features/Secure\ Input/SecureInput.swift /Users/runner/work/ghostty-pixel-scroll/ghostty-pixel-scroll/macos/Sources/Features/Secure\ Input/SecureInputOverlay.swift /Users/runner/work/ghostty-pixel-scroll/ghostty-pixel-scroll/macos/Sources/Features/Services/ServiceProvider.swift /Users/runner/work/ghostty-pixel-scroll/ghostty-pixel-scroll/macos/Sources/Features/Settings/ConfigurationErrorsController.swift /Users/runner/work/ghostty-pixel-scroll/ghostty-pixel-scroll/macos/Sources/Features/Settings/ConfigurationErrorsView.swift /Users/runner/work/ghostty-pixel-scroll/ghostty-pixel-scroll/macos/Sources/Features/Settings/SettingsView.swift /Users/runner/work/ghostty-pixel-scroll/ghostty-pixel-scroll/macos/Sources/Features/Splits/SplitTree.swift /Users/runner/work/ghostty-pixel-scroll/ghostty-pixel-scroll/macos/Sources/Features/Splits/SplitView.swift /Users/runner/work/ghostty-pixel-scroll/ghostty-pixel-scroll/macos/Sources/Features/Splits/SplitView.Divider.swift /Users/runner/work/ghostty-pixel-scroll/ghostty-pixel-scroll/macos/Sources/Features/Splits/TerminalSplitTreeView.swift /Users/runner/work/ghostty-pixel-scroll/ghostty-pixel-scroll/macos/Sources/Features/Terminal/Window\ Styles/HiddenTitlebarTerminalWindow.swift /Users/runner/work/ghostty-pixel-scroll/ghostty-pixel-scroll/macos/Sources/Features/Terminal/Window\ Styles/TerminalWindow.swift /Users/runner/work/ghostty-pixel-scroll/ghostty-pixel-scroll/macos/Sources/Features/Terminal/Window\ Styles/TitlebarTabsTahoeTerminalWindow.swift /Users/runner/work/ghostty-pixel-scroll/ghostty-pixel-scroll/macos/Sources/Features/Terminal/Window\ Styles/TitlebarTabsVenturaTerminalWindow.swift /Users/runner/work/ghostty-pixel-scroll/ghostty-pixel-scroll/macos/Sources/Features/Terminal/Window\ Styles/TransparentTitlebarTerminalWindow.swift /Users/runner/work/ghostty-pixel-scroll/ghostty-pixel-scroll/macos/Sources/Features/Terminal/BaseTerminalController.swift /Users/runner/work/ghostty-pixel-scroll/ghostty-pixel-scroll/macos/Sources/Features/Terminal/ErrorView.swift /Users/runner/work/ghostty-pixel-scroll/ghostty-pixel-scroll/macos/Sources/Features/Terminal/TerminalController.swift /Users/runner/work/ghostty-pixel-scroll/ghostty-pixel-scroll/macos/Sources/Features/Terminal/TerminalRestorable.swift /Users/runner/work/ghostty-pixel-scroll/ghostty-pixel-scroll/macos/Sources/Features/Terminal/TerminalRestorableState+InteralState.swift /Users/runner/work/ghostty-pixel-scroll/ghostty-pixel-scroll/macos/Sources/Features/Terminal/TerminalTabColor.swift /Users/runner/work/ghostty-pixel-scroll/ghostty-pixel-scroll/macos/Sources/Features/Terminal/TerminalView.swift /Users/runner/work/ghostty-pixel-scroll/ghostty-pixel-scroll/macos/Sources/Features/Terminal/TerminalViewContainer.swift /Users/runner/work/ghostty-pixel-scroll/ghostty-pixel-scroll/macos/Sources/Features/Update/UpdateBadge.swift /Users/runner/work/ghostty-pixel-scroll/ghostty-pixel-scroll/macos/Sources/Features/Update/UpdateController.swift /Users/runner/work/ghostty-pixel-scroll/ghostty-pixel-scroll/macos/Sources/Features/Update/UpdateDelegate.swift /Users/runner/work/ghostty-pixel-scroll/ghostty-pixel-scroll/macos/Sources/Features/Update/UpdateDriver.swift /Users/runner/work/ghostty-pixel-scroll/ghostty-pixel-scroll/macos/Sources/Features/Update/UpdatePill.swift /Users/runner/work/ghostty-pixel-scroll/ghostty-pixel-scroll/macos/Sources/Features/Update/UpdatePopoverView.swift /Users/runner/work/ghostty-pixel-scroll/ghostty-pixel-scroll/macos/Sources/Features/Update/UpdateSimulator.swift /Users/runner/work/ghostty-pixel-scroll/ghostty-pixel-scroll/macos/Sources/Features/Update/UpdateViewModel.swift /Users/runner/work/ghostty-pixel-scroll/ghostty-pixel-scroll/macos/Sources/Ghostty/Surface\ View/ChildExitedMessageBar.swift /Users/runner/work/ghostty-pixel-scroll/ghostty-pixel-scroll/macos/Sources/Ghostty/Surface\ View/InspectorView.swift /Users/runner/work/ghostty-pixel-scroll/ghostty-pixel-scroll/macos/Sources/Ghostty/Surface\ View/OSSurfaceView.swift /Users/runner/work/ghostty-pixel-scroll/ghostty-pixel-scroll/macos/Sources/Ghostty/Surface\ View/SurfaceDragSource.swift /Users/runner/work/ghostty-pixel-scroll/ghostty-pixel-scroll/macos/Sources/Ghostty/Surface\ View/SurfaceGrabHandle.swift /Users/runner/work/ghostty-pixel-scroll/ghostty-pixel-scroll/macos/Sources/Ghostty/Surface\ View/SurfaceProgressBar.swift /Users/runner/work/ghostty-pixel-scroll/ghostty-pixel-scroll/macos/Sources/Ghostty/Surface\ View/SurfaceScrollView.swift /Users/runner/work/ghostty-pixel-scroll/ghostty-pixel-scroll/macos/Sources/Ghostty/Surface\ View/SurfaceView.swift /Users/runner/work/ghostty-pixel-scroll/ghostty-pixel-scroll/macos/Sources/Ghostty/Surface\ View/SurfaceView_AppKit.swift /Users/runner/work/ghostty-pixel-scroll/ghostty-pixel-scroll/macos/Sources/Ghostty/Surface\ View/SurfaceView+Image.swift /Users/runner/work/ghostty-pixel-scroll/ghostty-pixel-scroll/macos/Sources/Ghostty/Surface\ View/SurfaceView+Transferable.swift /Users/runner/work/ghostty-pixel-scroll/ghostty-pixel-scroll/macos/Sources/Ghostty/FullscreenMode+Extension.swift /Users/runner/work/ghostty-pixel-scroll/ghostty-pixel-scroll/macos/Sources/Ghostty/Ghostty.Action.swift /Users/runner/work/ghostty-pixel-scroll/ghostty-pixel-scroll/macos/Sources/Ghostty/Ghostty.App.swift /Users/runner/work/ghostty-pixel-scroll/ghostty-pixel-scroll/macos/Sources/Ghostty/Ghostty.ChildExitedMessage.swift /Users/runner/work/ghostty-pixel-scroll/ghostty-pixel-scroll/macos/Sources/Ghostty/Ghostty.ClipboardConfirmationRequest.swift /Users/runner/work/ghostty-pixel-scroll/ghostty-pixel-scroll/macos/Sources/Ghostty/Ghostty.Command.swift /Users/runner/work/ghostty-pixel-scroll/ghostty-pixel-scroll/macos/Sources/Ghostty/Ghostty.Config.swift /Users/runner/work/ghostty-pixel-scroll/ghostty-pixel-scroll/macos/Sources/Ghostty/Ghostty.ConfigTypes.swift /Users/runner/work/ghostty-pixel-scroll/ghostty-pixel-scroll/macos/Sources/Ghostty/Ghostty.Error.swift /Users/runner/work/ghostty-pixel-scroll/ghostty-pixel-scroll/macos/Sources/Ghostty/Ghostty.Event.swift /Users/runner/work/ghostty-pixel-scroll/ghostty-pixel-scroll/macos/Sources/Ghostty/Ghostty.Input.swift /Users/runner/work/ghostty-pixel-scroll/ghostty-pixel-scroll/macos/Sources/Ghostty/Ghostty.Inspector.swift /Users/runner/work/ghostty-pixel-scroll/ghostty-pixel-scroll/macos/Sources/Ghostty/Ghostty.MenuShortcutManager.swift /Users/runner/work/ghostty-pixel-scroll/ghostty-pixel-scroll/macos/Sources/Ghostty/Ghostty.Shell.swift /Users/runner/work/ghostty-pixel-scroll/ghostty-pixel-scroll/macos/Sources/Ghostty/Ghostty.Surface.swift /Users/runner/work/ghostty-pixel-scroll/ghostty-pixel-scroll/macos/Sources/Ghostty/GhosttyDelegate.swift /Users/runner/work/ghostty-pixel-scroll/ghostty-pixel-scroll/macos/Sources/Ghostty/GhosttyPackage.swift /Users/runner/work/ghostty-pixel-scroll/ghostty-pixel-scroll/macos/Sources/Ghostty/GhosttyPackageMeta.swift /Users/runner/work/ghostty-pixel-scroll/ghostty-pixel-scroll/macos/Sources/Ghostty/NSEvent+Extension.swift /Users/runner/work/ghostty-pixel-scroll/ghostty-pixel-scroll/macos/Sources/Helpers/Extensions/Array+Extension.swift /Users/runner/work/ghostty-pixel-scroll/ghostty-pixel-scroll/macos/Sources/Helpers/Extensions/Double+Extension.swift /Users/runner/work/ghostty-pixel-scroll/ghostty-pixel-scroll/macos/Sources/Helpers/Extensions/Duration+Extension.swift /Users/runner/work/ghostty-pixel-scroll/ghostty-pixel-scroll/macos/Sources/Helpers/Extensions/EventModifiers+Extension.swift /Users/runner/work/ghostty-pixel-scroll/ghostty-pixel-scroll/macos/Sources/Helpers/Extensions/FileHandle+Extension.swift /Users/runner/work/ghostty-pixel-scroll/ghostty-pixel-scroll/macos/Sources/Helpers/Extensions/KeyboardShortcut+Extension.swift /Users/runner/work/ghostty-pixel-scroll/ghostty-pixel-scroll/macos/Sources/Helpers/Extensions/NSAlert+Extension.swift /Users/runner/work/ghostty-pixel-scroll/ghostty-pixel-scroll/macos/Sources/Helpers/Extensions/NSAppearance+Extension.swift /Users/runner/work/ghostty-pixel-scroll/ghostty-pixel-scroll/macos/Sources/Helpers/Extensions/NSApplication+Extension.swift /Users/runner/work/ghostty-pixel-scroll/ghostty-pixel-scroll/macos/Sources/Helpers/Extensions/NSColor+Extension.swift /Users/runner/work/ghostty-pixel-scroll/ghostty-pixel-scroll/macos/Sources/Helpers/Extensions/NSImage+Extension.swift /Users/runner/work/ghostty-pixel-scroll/ghostty-pixel-scroll/macos/Sources/Helpers/Extensions/NSMenu+Extension.swift /Users/runner/work/ghostty-pixel-scroll/ghostty-pixel-scroll/macos/Sources/Helpers/Extensions/NSMenuItem+Extension.swift /Users/runner/work/ghostty-pixel-scroll/ghostty-pixel-scroll/macos/Sources/Helpers/Extensions/NSPasteboard+Extension.swift /Users/runner/work/ghostty-pixel-scroll/ghostty-pixel-scroll/macos/Sources/Helpers/Extensions/NSScreen+Extension.swift /Users/runner/work/ghostty-pixel-scroll/ghostty-pixel-scroll/macos/Sources/Helpers/Extensions/NSView+Extension.swift /Users/runner/work/ghostty-pixel-scroll/ghostty-pixel-scroll/macos/Sources/Helpers/Extensions/NSWindow+Extension.swift /Users/runner/work/ghostty-pixel-scroll/ghostty-pixel-scroll/macos/Sources/Helpers/Extensions/NSWorkspace+Extension.swift /Users/runner/work/ghostty-pixel-scroll/ghostty-pixel-scroll/macos/Sources/Helpers/Extensions/ObjectIdentifier+Extension.swift /Users/runner/work/ghostty-pixel-scroll/ghostty-pixel-scroll/macos/Sources/Helpers/Extensions/Optional+Extension.swift /Users/runner/work/ghostty-pixel-scroll/ghostty-pixel-scroll/macos/Sources/Helpers/Extensions/OSColor+Extension.swift /Users/runner/work/ghostty-pixel-scroll/ghostty-pixel-scroll/macos/Sources/Helpers/Extensions/OSPasteboard+Extension.swift /Users/runner/work/ghostty-pixel-scroll/ghostty-pixel-scroll/macos/Sources/Helpers/Extensions/String+Extension.swift /Users/runner/work/ghostty-pixel-scroll/ghostty-pixel-scroll/macos/Sources/Helpers/Extensions/Transferable+Extension.swift /Users/runner/work/ghostty-pixel-scroll/ghostty-pixel-scroll/macos/Sources/Helpers/Extensions/UndoManager+Extension.swift /Users/runner/work/ghostty-pixel-scroll/ghostty-pixel-scroll/macos/Sources/Helpers/Extensions/URL+Extension.swift /Users/runner/work/ghostty-pixel-scroll/ghostty-pixel-scroll/macos/Sources/Helpers/Extensions/UserDefaults+Extension.swift /Users/runner/work/ghostty-pixel-scroll/ghostty-pixel-scroll/macos/Sources/Helpers/Extensions/UUID+Extension.swift /Users/runner/work/ghostty-pixel-scroll/ghostty-pixel-scroll/macos/Sources/Helpers/Extensions/View+Extension.swift /Users/runner/work/ghostty-pixel-scroll/ghostty-pixel-scroll/macos/Sources/Helpers/Private/CGS.swift /Users/runner/work/ghostty-pixel-scroll/ghostty-pixel-scroll/macos/Sources/Helpers/Private/Dock.swift /Users/runner/work/ghostty-pixel-scroll/ghostty-pixel-scroll/macos/Sources/Helpers/AppInfo.swift /Users/runner/work/ghostty-pixel-scroll/ghostty-pixel-scroll/macos/Sources/Helpers/Backport.swift /Users/runner/work/ghostty-pixel-scroll/ghostty-pixel-scroll/macos/Sources/Helpers/CodableBridge.swift /Users/runner/work/ghostty-pixel-scroll/ghostty-pixel-scroll/macos/Sources/Helpers/Cursor.swift /Users/runner/work/ghostty-pixel-scroll/ghostty-pixel-scroll/macos/Sources/Helpers/ExpiringUndoManager.swift /Users/runner/work/ghostty-pixel-scroll/ghostty-pixel-scroll/macos/Sources/Helpers/Fullscreen.swift /Users/runner/work/ghostty-pixel-scroll/ghostty-pixel-scroll/macos/Sources/Helpers/KeyboardLayout.swift /Users/runner/work/ghostty-pixel-scroll/ghostty-pixel-scroll/macos/Sources/Helpers/LastWindowPosition.swift /Users/runner/work/ghostty-pixel-scroll/ghostty-pixel-scroll/macos/Sources/Helpers/MetalView.swift /Users/runner/work/ghostty-pixel-scroll/ghostty-pixel-scroll/macos/Sources/Helpers/NonDraggableHostingView.swift /Users/runner/work/ghostty-pixel-scroll/ghostty-pixel-scroll/macos/Sources/Helpers/PermissionRequest.swift /Users/runner/work/ghostty-pixel-scroll/ghostty-pixel-scroll/macos/Sources/Helpers/TabGroupCloseCoordinator.swift /Users/runner/work/ghostty-pixel-scroll/ghostty-pixel-scroll/macos/Sources/Helpers/TabTitleEditor.swift /Users/runner/work/ghostty-pixel-scroll/ghostty-pixel-scroll/macos/Sources/Helpers/UntrustedURL.swift /Users/runner/work/ghostty-pixel-scroll/ghostty-pixel-scroll/macos/Sources/Helpers/UntrustedURLAlert.swift /Users/runner/work/ghostty-pixel-scroll/ghostty-pixel-scroll/macos/Sources/Helpers/URLHoverBanner.swift /Users/runner/work/ghostty-pixel-scroll/ghostty-pixel-scroll/macos/Sources/Helpers/Weak.swift /Users/runner/work/_temp/DerivedData/Build/Intermediates.noindex/Ghostty.build/ReleaseLocal/Ghostty.build/DerivedSources/GeneratedAssetSymbols.swift /Applications/Xcode_26.6.app/Contents/Developer/Toolchains/XcodeDefault.xctoolchain/usr/lib/swift/macosx/prebuilt-modules/26.5/CoreData.swiftmodule/arm64e-apple-macos.swiftmodule /Applications/Xcode_26.6.app/Contents/Developer/Toolchains/XcodeDefault.xctoolchain/usr/lib/swift/macosx/prebuilt-modules/26.5/_DarwinFoundation1.swiftmodule/arm64e-apple-macos.swiftmodule /Applications/Xcode_26.6.app/Contents/Developer/Toolchains/XcodeDefault.xctoolchain/usr/lib/swift/macosx/prebuilt-modules/26.5/Observation.swiftmodule/arm64e-apple-macos.swiftmodule /Applications/Xcode_26.6.app/Contents/Developer/Toolchains/XcodeDefault.xctoolchain/usr/lib/swift/macosx/prebuilt-modules/26.5/Metal.swiftmodule/arm64e-apple-macos.swiftmodule /Applications/Xcode_26.6.app/Contents/Developer/Toolchains/XcodeDefault.xctoolchain/usr/lib/swift/macosx/prebuilt-modules/26.5/Network.swiftmodule/arm64e-apple-macos.swiftmodule /Applications/Xcode_26.6.app/Contents/Developer/Toolchains/XcodeDefault.xctoolchain/usr/lib/swift/macosx/prebuilt-modules/26.5/SwiftUI.swiftmodule/arm64e-apple-macos.swiftmodule /Applications/Xcode_26.6.app/Contents/Developer/Toolchains/XcodeDefault.xctoolchain/usr/lib/swift/macosx/prebuilt-modules/26.5/CoreLocation.swiftmodule/arm64e-apple-macos.swiftmodule /Applications/Xcode_26.6.app/Contents/Developer/Toolchains/XcodeDefault.xctoolchain/usr/lib/swift/macosx/prebuilt-modules/26.5/_AppIntents_SwiftUI.swiftmodule/arm64e-apple-macos.swiftmodule /Applications/Xcode_26.6.app/Contents/Developer/Toolchains/XcodeDefault.xctoolchain/usr/lib/swift/macosx/prebuilt-modules/26.5/ObjectiveC.swiftmodule/arm64e-apple-macos.swiftmodule /Applications/Xcode_26.6.app/Contents/Developer/Toolchains/XcodeDefault.xctoolchain/usr/lib/swift/macosx/prebuilt-modules/26.5/MetalKit.swiftmodule/arm64e-apple-macos.swiftmodule /Applications/Xcode_26.6.app/Contents/Developer/Toolchains/XcodeDefault.xctoolchain/usr/lib/swift/macosx/prebuilt-modules/26.5/XPC.swiftmodule/arm64e-apple-macos.swiftmodule /Applications/Xcode_26.6.app/Contents/Developer/Toolchains/XcodeDefault.xctoolchain/usr/lib/swift/macosx/prebuilt-modules/26.5/ModelIO.swiftmodule/arm64e-apple-macos.swiftmodule /Applications/Xcode_26.6.app/Contents/Developer/Toolchains/XcodeDefault.xctoolchain/usr/lib/swift/macosx/prebuilt-modules/26.5/CoreVideo.swiftmodule/arm64e-apple-macos.swiftmodule /Applications/Xcode_26.6.app/Contents/Developer/Toolchains/XcodeDefault.xctoolchain/usr/lib/swift/macosx/prebuilt-modules/26.5/Darwin.swiftmodule/arm64e-apple-macos.swiftmodule /Applications/Xcode_26.6.app/Contents/Developer/Toolchains/XcodeDefault.xctoolchain/usr/lib/swift/macosx/prebuilt-modules/26.5/simd.swiftmodule/arm64e-apple-macos.swiftmodule /Applications/Xcode_26.6.app/Contents/Developer/Toolchains/XcodeDefault.xctoolchain/usr/lib/swift/macosx/prebuilt-modules/26.5/_DarwinFoundation3.swiftmodule/arm64e-apple-macos.swiftmodule /Applications/Xcode_26.6.app/Contents/Developer/Toolchains/XcodeDefault.xctoolchain/usr/lib/swift/macosx/prebuilt-modules/26.5/OSLog.swiftmodule/arm64e-apple-macos.swiftmodule /Applications/Xcode_26.6.app/Contents/Developer/Toolchains/XcodeDefault.xctoolchain/usr/lib/swift/macosx/prebuilt-modules/26.5/Symbols.swiftmodule/arm64e-apple-macos.swiftmodule /Applications/Xcode_26.6.app/Contents/Developer/Toolchains/XcodeDefault.xctoolchain/usr/lib/swift/macosx/prebuilt-modules/26.5/SwiftUICore.swiftmodule/arm64e-apple-macos.swiftmodule /Applications/Xcode_26.6.app/Contents/Developer/Toolchains/XcodeDefault.xctoolchain/usr/lib/swift/macosx/prebuilt-modules/26.5/DataDetection.swiftmodule/arm64e-apple-macos.swiftmodule /Applications/Xcode_26.6.app/Contents/Developer/Toolchains/XcodeDefault.xctoolchain/usr/lib/swift/macosx/prebuilt-modules/26.5/Dispatch.swiftmodule/arm64e-apple-macos.swiftmodule /Applications/Xcode_26.6.app/Contents/Developer/Toolchains/XcodeDefault.xctoolchain/usr/lib/swift/macosx/prebuilt-modules/26.5/Combine.swiftmodule/arm64e-apple-macos.swiftmodule /Applications/Xcode_26.6.app/Contents/Developer/Toolchains/XcodeDefault.xctoolchain/usr/lib/swift/macosx/prebuilt-modules/26.5/CoreTransferable.swiftmodule/arm64e-apple-macos.swiftmodule /Applications/Xcode_26.6.app/Contents/Developer/Toolchains/XcodeDefault.xctoolchain/usr/lib/swift/macosx/prebuilt-modules/26.5/CoreSpotlight.swiftmodule/arm64e-apple-macos.swiftmodule /Applications/Xcode_26.6.app/Contents/Developer/Toolchains/XcodeDefault.xctoolchain/usr/lib/swift/macosx/prebuilt-modules/26.5/CoreGraphics.swiftmodule/arm64e-apple-macos.swiftmodule /Applications/Xcode_26.6.app/Contents/Developer/Toolchains/XcodeDefault.xctoolchain/usr/lib/swift/macosx/prebuilt-modules/26.5/UniformTypeIdentifiers.swiftmodule/arm64e-apple-macos.swiftmodule /Applications/Xcode_26.6.app/Contents/Developer/Toolchains/XcodeDefault.xctoolchain/usr/lib/swift/macosx/prebuilt-modules/26.5/CoreText.swiftmodule/arm64e-apple-macos.swiftmodule /Applications/Xcode_26.6.app/Contents/Developer/Toolchains/XcodeDefault.xctoolchain/usr/lib/swift/macosx/prebuilt-modules/26.5/_Builtin_float.swiftmodule/arm64e-apple-macos.swiftmodule /Applications/Xcode_26.6.app/Contents/Developer/Toolchains/XcodeDefault.xctoolchain/usr/lib/swift/macosx/prebuilt-modules/26.5/ExtensionFoundation.swiftmodule/arm64e-apple-macos.swiftmodule /Applications/Xcode_26.6.app/Contents/Developer/Toolchains/XcodeDefault.xctoolchain/usr/lib/swift/macosx/prebuilt-modules/26.5/Swift.swiftmodule/arm64e-apple-macos.swiftmodule /Applications/Xcode_26.6.app/Contents/Developer/Toolchains/XcodeDefault.xctoolchain/usr/lib/swift/macosx/prebuilt-modules/26.5/os.swiftmodule/arm64e-apple-macos.swiftmodule /Applications/Xcode_26.6.app/Contents/Developer/Toolchains/XcodeDefault.xctoolchain/usr/lib/swift/macosx/prebuilt-modules/26.5/Distributed.swiftmodule/arm64e-apple-macos.swiftmodule /Applications/Xcode_26.6.app/Contents/Developer/Toolchains/XcodeDefault.xctoolchain/usr/lib/swift/macosx/prebuilt-modules/26.5/Foundation.swiftmodule/arm64e-apple-macos.swiftmodule /Applications/Xcode_26.6.app/Contents/Developer/Toolchains/XcodeDefault.xctoolchain/usr/lib/swift/macosx/prebuilt-modules/26.5/AppIntents.swiftmodule/arm64e-apple-macos.swiftmodule /Applications/Xcode_26.6.app/Contents/Developer/Toolchains/XcodeDefault.xctoolchain/usr/lib/swift/macosx/prebuilt-modules/26.5/RelevanceKit.swiftmodule/arm64e-apple-macos.swiftmodule /Applications/Xcode_26.6.app/Contents/Developer/Toolchains/XcodeDefault.xctoolchain/usr/lib/swift/macosx/prebuilt-modules/26.5/IOKit.swiftmodule/arm64e-apple-macos.swiftmodule /Applications/Xcode_26.6.app/Contents/Developer/Toolchains/XcodeDefault.xctoolchain/usr/lib/swift/macosx/prebuilt-modules/26.5/_StringProcessing.swiftmodule/arm64e-apple-macos.swiftmodule /Applications/Xcode_26.6.app/Contents/Developer/Toolchains/XcodeDefault.xctoolchain/usr/lib/swift/macosx/prebuilt-modules/26.5/_Concurrency.swiftmodule/arm64e-apple-macos.swiftmodule /Applications/Xcode_26.6.app/Contents/Developer/Toolchains/XcodeDefault.xctoolchain/usr/lib/swift/macosx/prebuilt-modules/26.5/CoreImage.swiftmodule/arm64e-apple-macos.swiftmodule /Applications/Xcode_26.6.app/Contents/Developer/Toolchains/XcodeDefault.xctoolchain/usr/lib/swift/macosx/prebuilt-modules/26.5/DeveloperToolsSupport.swiftmodule/arm64e-apple-macos.swiftmodule /Applications/Xcode_26.6.app/Contents/Developer/Toolchains/XcodeDefault.xctoolchain/usr/lib/swift/macosx/prebuilt-modules/26.5/System.swiftmodule/arm64e-apple-macos.swiftmodule /Applications/Xcode_26.6.app/Contents/Developer/Toolchains/XcodeDefault.xctoolchain/usr/lib/swift/macosx/prebuilt-modules/26.5/QuartzCore.swiftmodule/arm64e-apple-macos.swiftmodule /Applications/Xcode_26.6.app/Contents/Developer/Toolchains/XcodeDefault.xctoolchain/usr/lib/swift/macosx/prebuilt-modules/26.5/_AppIntents_AppKit.swiftmodule/arm64e-apple-macos.swiftmodule /Applications/Xcode_26.6.app/Contents/Developer/Toolchains/XcodeDefault.xctoolchain/usr/lib/swift/macosx/prebuilt-modules/26.5/AppKit.swiftmodule/arm64e-apple-macos.swiftmodule /Applications/Xcode_26.6.app/Contents/Developer/Toolchains/XcodeDefault.xctoolchain/usr/lib/swift/macosx/prebuilt-modules/26.5/_DarwinFoundation2.swiftmodule/arm64e-apple-macos.swiftmodule /Applications/Xcode_26.6.app/Contents/Developer/Toolchains/XcodeDefault.xctoolchain/usr/lib/swift/macosx/prebuilt-modules/26.5/Spatial.swiftmodule/arm64e-apple-macos.swiftmodule /Applications/Xcode_26.6.app/Contents/Developer/Toolchains/XcodeDefault.xctoolchain/usr/lib/swift/macosx/prebuilt-modules/26.5/LightweightCodeRequirements.swiftmodule/arm64e-apple-macos.swiftmodule /Applications/Xcode_26.6.app/Contents/Developer/Toolchains/XcodeDefault.xctoolchain/usr/lib/swift/macosx/prebuilt-modules/26.5/Accessibility.swiftmodule/arm64e-apple-macos.swiftmodule /Applications/Xcode_26.6.app/Contents/Developer/Toolchains/XcodeDefault.xctoolchain/usr/lib/swift/macosx/prebuilt-modules/26.5/CoreFoundation.swiftmodule/arm64e-apple-macos.swiftmodule /Users/runner/work/_temp/DerivedData/ModuleCache.noindex/_Builtin_float-6IMF2BZ80LLNQ6D1F066QYUUW.pcm /Users/runner/work/_temp/DerivedData/ModuleCache.noindex/OSLog-4C35HEBB3BE99JW2IM9SP9TH0.pcm /Users/runner/work/_temp/DerivedData/ModuleCache.noindex/AppKit-5EZ4AE1SCU4MTMYS9UDE6I8GE.pcm /Users/runner/work/_temp/DerivedData/ModuleCache.noindex/CoreImage-E21KVKMGPPXA03FV2FI8JBMZC.pcm /Users/runner/work/_temp/DerivedData/ModuleCache.noindex/CoreSpotlight-3OY0P8VTC710ULTVUE9GGUS6Q.pcm /Users/runner/work/_temp/DerivedData/ModuleCache.noindex/IOSurface-5G34J0EOK41UWW9F61X0HLX3Z.pcm /Users/runner/work/_temp/DerivedData/ModuleCache.noindex/CoreData-BSIKYLUNQ57BNDUPMH33JJCH3.pcm /Users/runner/work/_temp/DerivedData/ModuleCache.noindex/DataDetection-CN6SBWCU0RHX0XMTI9OU4L9CS.pcm /Users/runner/work/_temp/DerivedData/ModuleCache.noindex/Spatial-YXMUGPLHBD8R6BHQDN4VPY12.pcm /Users/runner/work/_temp/DerivedData/ModuleCache.noindex/Dispatch-606H9WBYDIDGOI8232H6EBGZG.pcm /Users/runner/work/_temp/DerivedData/ModuleCache.noindex/CoreServices-O83F49BTIARQ3VASTQSVHP09.pcm /Users/runner/work/_temp/DerivedData/ModuleCache.noindex/_DarwinFoundation2-52ODHIRVSCNWOSIZG76PC2E4T.pcm /Users/runner/work/_temp/DerivedData/ModuleCache.noindex/CoreLocation-IFXA6P7OE15DAGE4YY7IFAFL.pcm /Users/runner/work/_temp/DerivedData/ModuleCache.noindex/os_object-7N6E36QP3PO20X8VDASJPUDZ5.pcm /Users/runner/work/_temp/DerivedData/ModuleCache.noindex/_Builtin_stddef-7LR0YZH8HSWEXAXDUA3100CS4.pcm /Users/runner/work/_temp/DerivedData/ModuleCache.noindex/CoreFoundation-CO2A1QI5IAD22RTYDFIXP2QKE.pcm /Users/runner/work/_temp/DerivedData/ModuleCache.noindex/SwiftUI-ANNH3DYSIBLY9HYWG08SO5EDF.pcm /Users/runner/work/_temp/DerivedData/ModuleCache.noindex/XPC-3RBQCH4NN1EEAK97PYEPCK038.pcm /Users/runner/work/_temp/DerivedData/ModuleCache.noindex/_Builtin_tgmath-3GPY7KA6ZDEP3N7LGRZ50BS93.pcm /Users/runner/work/_temp/DerivedData/ModuleCache.noindex/_Builtin_stdint-HGL2VL2ZKEO7YX71GAWQ25VR.pcm /Users/runner/work/_temp/DerivedData/ModuleCache.noindex/_Builtin_intrinsics-AVB902JMYZ089SY1628XAOPIH.pcm /Users/runner/work/_temp/DerivedData/ModuleCache.noindex/Carbon-21SLODUSR2UCUSGQ3PIVW4B99.pcm /Users/runner/work/_temp/DerivedData/ModuleCache.noindex/libDER-EXME4DW6QAWDK4GBOAF6AVUFO.pcm /Users/runner/work/_temp/DerivedData/ModuleCache.noindex/ExtensionFoundation-9WJNT4Q6897RZ1688I1WODN7G.pcm /Users/runner/work/_temp/DerivedData/ModuleCache.noindex/os-D276KBI1OA62O5F40QETH1FAM.pcm /Users/runner/work/_temp/DerivedData/ModuleCache.noindex/CUPS-9D43RR6562ANQAMYZN5JXS87L.pcm /Users/runner/work/_temp/DerivedData/ModuleCache.noindex/UserNotifications-BXJXQBVMMYZTNTGJTKVPCW0KS.pcm /Users/runner/work/_temp/DerivedData/ModuleCache.noindex/Accessibility-EZ8YGTQ4X0CTVDN0LVDBEIWB4.pcm /Users/runner/work/_temp/DerivedData/ModuleCache.noindex/ptrauth-1VLE5VJRKCJICKK8IQGB4LSZ6.pcm /Users/runner/work/_temp/DerivedData/ModuleCache.noindex/IOKit-5SGD4NQD8XLWGUWANFORUQG56.pcm /Users/runner/work/_temp/DerivedData/ModuleCache.noindex/Darwin-6VVT9PAKS5ID0UFQB2TE8AJFL.pcm /Users/runner/work/_temp/DerivedData/ModuleCache.noindex/os_workgroup-9BRVAWV9FT25B37PPI5S4L4J7.pcm /Users/runner/work/_temp/DerivedData/ModuleCache.noindex/OpenGL-4WDNA5E2XQYEYTW7U66K424Q0.pcm /Users/runner/work/_temp/DerivedData/ModuleCache.noindex/ObjectiveC-8SCK4XLCW7LDQ6DWTY6AZV5U0.pcm /Users/runner/work/_temp/DerivedData/ModuleCache.noindex/_Builtin_stdarg-93AIF7PIA27R2WIUT7ERW3DLU.pcm /Users/runner/work/_temp/DerivedData/ModuleCache.noindex/sys_types-9DWM1E9GJP0S3H6Z5EVE8U2Y7.pcm /Users/runner/work/_temp/DerivedData/ModuleCache.noindex/CoreVideo-6NA8R5EF5U4CU2V0F5KG2BSPQ.pcm /Users/runner/work/_temp/DerivedData/ModuleCache.noindex/_Builtin_stdbool-BYKL9V9T4QELB87PMJAFV7UZB.pcm /Users/runner/work/_temp/DerivedData/ModuleCache.noindex/_AvailabilityInternal-AK2FCVBGHDFMKYI8Q8VBBMCHX.pcm /Users/runner/work/_temp/DerivedData/ModuleCache.noindex/MachO-3PWV0ZTPD5EHJEMFK6DOTXBQL.pcm /Users/runner/work/_temp/DerivedData/ModuleCache.noindex/QuartzCore-11F9DRVGJKEEZS9HECMULINBT.pcm /Users/runner/work/_temp/DerivedData/ModuleCache.noindex/AppIntents-5NUH86VO77VUGAQQX6XQH10VT.pcm /Users/runner/work/_temp/DerivedData/ModuleCache.noindex/CoreTransferable-3X0MXRK3KHS44RRPFBM3DM4QV.pcm /Users/runner/work/_temp/DerivedData/ModuleCache.noindex/SwiftUICore-EBS01INKOLYE7O9DJE2WVO2MJ.pcm /Users/runner/work/_temp/DerivedData/ModuleCache.noindex/CoreGraphics-5II8UIC0MVW73C117BSGQ66SX.pcm /Users/runner/work/_temp/DerivedData/ModuleCache.noindex/SwiftShims-496OHS7P8JQPQO8506C2WFV1.pcm /Users/runner/work/_temp/DerivedData/ModuleCache.noindex/Network-AQI4DPHRF1YX7JHWFZ2TJ91C5.pcm /Users/runner/work/_temp/DerivedData/ModuleCache.noindex/UniformTypeIdentifiers-DED6VI6606NR4DI1II9JTW55A.pcm /Users/runner/work/_temp/DerivedData/ModuleCache.noindex/launch-45FQ1F8MDGME5GPOKS8PQ6H8M.pcm /Users/runner/work/_temp/DerivedData/ModuleCache.noindex/ModelIO-1AWL966S2W57Q7DBGTZ6IIJ6E.pcm /Users/runner/work/_temp/DerivedData/ModuleCache.noindex/ImageIO-4HWUASL1NE0DOFUK1F9ZTB9C2.pcm /Users/runner/work/_temp/DerivedData/ModuleCache.noindex/ptrcheck-79HIXLQNMD85DWEL1X102DWPC.pcm /Users/runner/work/_temp/DerivedData/ModuleCache.noindex/_DarwinFoundation1-83D085HL6HWGS1MMNNTIWZUJ.pcm /Users/runner/work/_temp/DerivedData/ModuleCache.noindex/ColorSync-3DVN7DK5KJJ96NZDYJ9YFRRB7.pcm /Users/runner/work/_temp/DerivedData/Build/Intermediates.noindex/SwiftExplicitPrecompiledModules/Sparkle-8YRUZYDNHUHYS3VG485B5PNVM.pcm /Users/runner/work/_temp/DerivedData/ModuleCache.noindex/_LocationEssentials-BXVZMQWDTA6UDXITZQDMFXRTZ.pcm /Users/runner/work/_temp/DerivedData/ModuleCache.noindex/Cocoa-726UA4LKSS2I83IX5RROG0421.pcm /Users/runner/work/_temp/DerivedData/ModuleCache.noindex/simd-4DBNMBFIQK5GAK4TVIZPGPD6J.pcm /Users/runner/work/_temp/DerivedData/ModuleCache.noindex/DeveloperToolsSupport-26HA1CB2PZBWXNQ28P8CH3BZM.pcm /Users/runner/work/_temp/DerivedData/ModuleCache.noindex/Security-EW8O7FE00NBYP0JK2T1YZARW4.pcm /Users/runner/work/_temp/DerivedData/ModuleCache.noindex/_SwiftConcurrencyShims-4I7YMIFJWQYY427IVKAXETY8G.pcm /Users/runner/work/_temp/DerivedData/ModuleCache.noindex/_Builtin_stdatomic-6PA568ZFLNJ5EV8YYVPIT5ZGW.pcm /Users/runner/work/_temp/DerivedData/ModuleCache.noindex/ApplicationServices-BSC45XMZS1Q8WJQNWN16UIGMO.pcm /Users/runner/work/_temp/DerivedData/ModuleCache.noindex/Symbols-5TNDNX9AJCV5KE35M5THITDRS.pcm /Users/runner/work/_temp/DerivedData/ModuleCache.noindex/dnssd-2FAYL5WM9Z0ESG5TI77BG86AI.pcm /Users/runner/work/_temp/DerivedData/ModuleCache.noindex/Metal-B3OQDWWCR68PGDAJ33B3Z1XN1.pcm /Users/runner/work/_temp/DerivedData/ModuleCache.noindex/MetalKit-BRL8ZQXQ3LPLIY6VQ3A8IXRPK.pcm /Users/runner/work/_temp/DerivedData/ModuleCache.noindex/_Builtin_inttypes-DJ2Q67SHY39YMN0Q5QN28W6H.pcm /Users/runner/work/_temp/DerivedData/ModuleCache.noindex/_Builtin_limits-CPLHRN5B80WAOY52E559JL6PF.pcm /Users/runner/work/_temp/DerivedData/ModuleCache.noindex/CFNetwork-CTZ5YGWZH4NXV3DZNJF9F4GKC.pcm /Users/runner/work/_temp/DerivedData/ModuleCache.noindex/_DarwinFoundation3-8RBBW1T43PHDFUIHA97CBDWOA.pcm /Users/runner/work/_temp/DerivedData/ModuleCache.noindex/libkern-3PD8EWHH5ZZR9TX9OZZOWA5F0.pcm /Users/runner/work/_temp/DerivedData/ModuleCache.noindex/Foundation-CN5PZEKRBAS3RODE0ZI76OUR6.pcm /Users/runner/work/_temp/DerivedData/ModuleCache.noindex/RelevanceKit-64BBK43I3IULZRP0C5E9Y05FW.pcm /Users/runner/work/_temp/DerivedData/Build/Intermediates.noindex/SwiftExplicitPrecompiledModules/GhosttyKit-3DBPZWA75C3V3UB57BJTVRXXO.pcm /Users/runner/work/_temp/DerivedData/ModuleCache.noindex/DiskArbitration-CYTIZZXIV07JP4IJZMHLFQGXW.pcm /Users/runner/work/_temp/DerivedData/ModuleCache.noindex/CoreText-ESVTLANNQ27T5O6N7NUUIMR15.pcm /Users/runner/work/_temp/DerivedData/Build/Intermediates.noindex/Ghostty.build/ReleaseLocal/Ghostty.build/Objects-normal/arm64/Ghostty-primary-Bridging-header.pch (in target 'Ghostty' from project 'Ghostty')
Cache hit

CompileSwift normal arm64 (in target 'Ghostty' from project 'Ghostty')
    cd /Users/runner/work/ghostty-pixel-scroll/ghostty-pixel-scroll/macos
    

SwiftDriverJobDiscovery normal arm64 Compiling AppDelegate.swift, AppDelegate+Ghostty.swift, CommandLineOpenFileFilter.swift, main.swift, AboutController.swift, AboutView.swift, AboutViewModel.swift, CyclingIconView.swift, CommandEntity.swift, TerminalEntity.swift, CloseTerminalIntent.swift, CommandPaletteIntent.swift, FocusTerminalIntent.swift, GetTerminalDetailsIntent.swift, GhosttyIntentError.swift, InputIntent.swift, IntentPermission.swift, KeybindIntent.swift, NewTerminalIntent.swift, QuickTerminalIntent.swift, AppDelegate+AppleScript.swift, Ghostty.Input.Mods+AppleScript.swift, ScriptInputTextCommand.swift, ScriptKeyEventCommand.swift, ScriptMouseButtonCommand.swift, ScriptMousePosCommand.swift, ScriptMouseScrollCommand.swift, ScriptRecord.swift, ScriptSurfaceConfiguration.swift, ScriptTab.swift, ScriptTerminal.swift, ScriptWindow.swift, ClipboardConfirmationController.swift, ClipboardConfirmationView.swift, CommandPalette.swift, TerminalCommandPalette.swift, Notification+AppIcon.swift, UserDefaults+AppIcon.swift, AppIcon.swift, ColorizedGhosttyIcon.swift, ColorizedGhosttyIconImage.swift, ColorizedGhosttyIconView.swift, GlobalEventTap.swift, QuickTerminalController.swift, QuickTerminalPosition.swift, QuickTerminalRestorableState.swift, QuickTerminalScreen.swift, QuickTerminalScreenStateCache.swift, QuickTerminalSize.swift, QuickTerminalSpaceBehavior.swift, QuickTerminalWindow.swift, SecureInput.swift, SecureInputOverlay.swift, ServiceProvider.swift, ConfigurationErrorsController.swift, ConfigurationErrorsView.swift, SettingsView.swift, SplitTree.swift, SplitView.swift, SplitView.Divider.swift, TerminalSplitTreeView.swift, HiddenTitlebarTerminalWindow.swift, TerminalWindow.swift, TitlebarTabsTahoeTerminalWindow.swift, TitlebarTabsVenturaTerminalWindow.swift, TransparentTitlebarTerminalWindow.swift, BaseTerminalController.swift, ErrorView.swift, TerminalController.swift, TerminalRestorable.swift, TerminalRestorableState+InteralState.swift, TerminalTabColor.swift, TerminalView.swift, TerminalViewContainer.swift, UpdateBadge.swift, UpdateController.swift, UpdateDelegate.swift, UpdateDriver.swift, UpdatePill.swift, UpdatePopoverView.swift, UpdateSimulator.swift, UpdateViewModel.swift, ChildExitedMessageBar.swift, InspectorView.swift, OSSurfaceView.swift, SurfaceDragSource.swift, SurfaceGrabHandle.swift, SurfaceProgressBar.swift, SurfaceScrollView.swift, SurfaceView.swift, SurfaceView_AppKit.swift, SurfaceView+Image.swift, SurfaceView+Transferable.swift, FullscreenMode+Extension.swift, Ghostty.Action.swift, Ghostty.App.swift, Ghostty.ChildExitedMessage.swift, Ghostty.ClipboardConfirmationRequest.swift, Ghostty.Command.swift, Ghostty.Config.swift, Ghostty.ConfigTypes.swift, Ghostty.Error.swift, Ghostty.Event.swift, Ghostty.Input.swift, Ghostty.Inspector.swift, Ghostty.MenuShortcutManager.swift, Ghostty.Shell.swift, Ghostty.Surface.swift, GhosttyDelegate.swift, GhosttyPackage.swift, GhosttyPackageMeta.swift, NSEvent+Extension.swift, Array+Extension.swift, Double+Extension.swift, Duration+Extension.swift, EventModifiers+Extension.swift, FileHandle+Extension.swift, KeyboardShortcut+Extension.swift, NSAlert+Extension.swift, NSAppearance+Extension.swift, NSApplication+Extension.swift, NSColor+Extension.swift, NSImage+Extension.swift, NSMenu+Extension.swift, NSMenuItem+Extension.swift, NSPasteboard+Extension.swift, NSScreen+Extension.swift, NSView+Extension.swift, NSWindow+Extension.swift, NSWorkspace+Extension.swift, ObjectIdentifier+Extension.swift, Optional+Extension.swift, OSColor+Extension.swift, OSPasteboard+Extension.swift, String+Extension.swift, Transferable+Extension.swift, UndoManager+Extension.swift, URL+Extension.swift, UserDefaults+Extension.swift, UUID+Extension.swift, View+Extension.swift, CGS.swift, Dock.swift, AppInfo.swift, Backport.swift, CodableBridge.swift, Cursor.swift, ExpiringUndoManager.swift, Fullscreen.swift, KeyboardLayout.swift, LastWindowPosition.swift, MetalView.swift, NonDraggableHostingView.swift, PermissionRequest.swift, TabGroupCloseCoordinator.swift, TabTitleEditor.swift, UntrustedURL.swift, UntrustedURLAlert.swift, URLHoverBanner.swift, Weak.swift, GeneratedAssetSymbols.swift (in target 'Ghostty' from project 'Ghostty')

SwiftDriver\ Compilation\ Requirements Ghostty normal arm64 com.apple.xcode.tools.swift.compiler (in target 'Ghostty' from project 'Ghostty')
    cd /Users/runner/work/ghostty-pixel-scroll/ghostty-pixel-scroll/macos
    builtin-Swift-Compilation-Requirements -- /Applications/Xcode_26.6.app/Contents/Developer/Toolchains/XcodeDefault.xctoolchain/usr/bin/swiftc -module-name Ghostty -O -whole-module-optimization @/Users/runner/work/_temp/DerivedData/Build/Intermediates.noindex/Ghostty.build/ReleaseLocal/Ghostty.build/Objects-normal/arm64/Ghostty.SwiftFileList -enable-bare-slash-regex -enable-experimental-feature DebugDescriptionMacro -sdk /Applications/Xcode_26.6.app/Contents/Developer/Platforms/MacOSX.platform/Developer/SDKs/MacOSX26.5.sdk -target arm64-apple-macos13.0 -g -module-cache-path /Users/runner/work/_temp/DerivedData/ModuleCache.noindex -Xfrontend -serialize-debugging-options -profile-coverage-mapping -profile-generate -swift-version 5 -I /Users/runner/work/_temp/DerivedData/Build/Products/ReleaseLocal -F /Users/runner/work/_temp/DerivedData/Build/Products/ReleaseLocal -emit-localized-strings -emit-localized-strings-path /Users/runner/work/_temp/DerivedData/Build/Intermediates.noindex/Ghostty.build/ReleaseLocal/Ghostty.build/Objects-normal/arm64 -c -num-threads 3 -output-file-map /Users/runner/work/_temp/DerivedData/Build/Intermediates.noindex/Ghostty.build/ReleaseLocal/Ghostty.build/Objects-normal/arm64/Ghostty-OutputFileMap.json -use-frontend-parseable-output -save-temps -no-color-diagnostics -explicit-module-build -module-cache-path /Users/runner/work/_temp/DerivedData/Build/Intermediates.noindex/SwiftExplicitPrecompiledModules -clang-scanner-module-cache-path /Users/runner/work/_temp/DerivedData/ModuleCache.noindex -sdk-module-cache-path /Users/runner/work/_temp/DerivedData/ModuleCache.noindex -cache-compile-job -cas-path /Users/runner/Library/Developer/Xcode/DerivedData/CompilationCache.noindex/builtin -serialize-diagnostics -emit-dependencies -emit-module -emit-module-path /Users/runner/work/_temp/DerivedData/Build/Intermediates.noindex/Ghostty.build/ReleaseLocal/Ghostty.build/Objects-normal/arm64/Ghostty.swiftmodule -validate-clang-modules-once -clang-build-session-file /Users/runner/work/_temp/DerivedData/ModuleCache.noindex/Session.modulevalidation -Xcc -I/Users/runner/work/_temp/DerivedData/Build/Intermediates.noindex/Ghostty.build/ReleaseLocal/Ghostty.build/swift-overrides.hmap -emit-const-values -Xfrontend -const-gather-protocols-file -Xfrontend /Users/runner/work/_temp/DerivedData/Build/Intermediates.noindex/Ghostty.build/ReleaseLocal/Ghostty.build/Objects-normal/arm64/Ghostty_const_extract_protocols.json -Xcc -iquote -Xcc /Users/runner/work/_temp/DerivedData/Build/Intermediates.noindex/Ghostty.build/ReleaseLocal/Ghostty.build/Ghostty-generated-files.hmap -Xcc -I/Users/runner/work/_temp/DerivedData/Build/Intermediates.noindex/Ghostty.build/ReleaseLocal/Ghostty.build/Ghostty-own-target-headers.hmap -Xcc -I/Users/runner/work/_temp/DerivedData/Build/Intermediates.noindex/Ghostty.build/ReleaseLocal/Ghostty.build/Ghostty-all-target-headers.hmap -Xcc -iquote -Xcc /Users/runner/work/_temp/DerivedData/Build/Intermediates.noindex/Ghostty.build/ReleaseLocal/Ghostty.build/Ghostty-project-headers.hmap -Xcc -I/Users/runner/work/_temp/DerivedData/Build/Products/ReleaseLocal/include -Xcc -I/Users/runner/work/_temp/DerivedData/Build/Intermediates.noindex/Ghostty.build/ReleaseLocal/Ghostty.build/DerivedSources-normal/arm64 -Xcc -I/Users/runner/work/_temp/DerivedData/Build/Intermediates.noindex/Ghostty.build/ReleaseLocal/Ghostty.build/DerivedSources/arm64 -Xcc -I/Users/runner/work/_temp/DerivedData/Build/Intermediates.noindex/Ghostty.build/ReleaseLocal/Ghostty.build/DerivedSources -emit-objc-header -emit-objc-header-path /Users/runner/work/_temp/DerivedData/Build/Intermediates.noindex/Ghostty.build/ReleaseLocal/Ghostty.build/Objects-normal/arm64/Ghostty-Swift.h -import-objc-header /Users/runner/work/ghostty-pixel-scroll/ghostty-pixel-scroll/macos/Sources/App/ghostty-bridging-header.h -working-directory /Users/runner/work/ghostty-pixel-scroll/ghostty-pixel-scroll/macos -no-emit-module-separately-wmo

SwiftMergeGeneratedHeaders /Users/runner/work/_temp/DerivedData/Build/Intermediates.noindex/Ghostty.build/ReleaseLocal/Ghostty.build/DerivedSources/Ghostty-Swift.h /Users/runner/work/_temp/DerivedData/Build/Intermediates.noindex/Ghostty.build/ReleaseLocal/Ghostty.build/Objects-normal/arm64/Ghostty-Swift.h (in target 'Ghostty' from project 'Ghostty')
    cd /Users/runner/work/ghostty-pixel-scroll/ghostty-pixel-scroll/macos
    builtin-swiftHeaderTool -arch arm64 /Users/runner/work/_temp/DerivedData/Build/Intermediates.noindex/Ghostty.build/ReleaseLocal/Ghostty.build/Objects-normal/arm64/Ghostty-Swift.h -o /Users/runner/work/_temp/DerivedData/Build/Intermediates.noindex/Ghostty.build/ReleaseLocal/Ghostty.build/DerivedSources/Ghostty-Swift.h

Copy /Users/runner/work/_temp/DerivedData/Build/Products/ReleaseLocal/Ghostty.swiftmodule/arm64-apple-macos.swiftmodule /Users/runner/work/_temp/DerivedData/Build/Intermediates.noindex/Ghostty.build/ReleaseLocal/Ghostty.build/Objects-normal/arm64/Ghostty.swiftmodule (in target 'Ghostty' from project 'Ghostty')
    cd /Users/runner/work/ghostty-pixel-scroll/ghostty-pixel-scroll/macos
    builtin-copy -exclude .DS_Store -exclude CVS -exclude .svn -exclude .git -exclude .hg -resolve-src-symlinks -rename /Users/runner/work/_temp/DerivedData/Build/Intermediates.noindex/Ghostty.build/ReleaseLocal/Ghostty.build/Objects-normal/arm64/Ghostty.swiftmodule /Users/runner/work/_temp/DerivedData/Build/Products/ReleaseLocal/Ghostty.swiftmodule/arm64-apple-macos.swiftmodule

Copy /Users/runner/work/_temp/DerivedData/Build/Products/ReleaseLocal/Ghostty.swiftmodule/arm64-apple-macos.swiftdoc /Users/runner/work/_temp/DerivedData/Build/Intermediates.noindex/Ghostty.build/ReleaseLocal/Ghostty.build/Objects-normal/arm64/Ghostty.swiftdoc (in target 'Ghostty' from project 'Ghostty')
    cd /Users/runner/work/ghostty-pixel-scroll/ghostty-pixel-scroll/macos
    builtin-copy -exclude .DS_Store -exclude CVS -exclude .svn -exclude .git -exclude .hg -resolve-src-symlinks -rename /Users/runner/work/_temp/DerivedData/Build/Intermediates.noindex/Ghostty.build/ReleaseLocal/Ghostty.build/Objects-normal/arm64/Ghostty.swiftdoc /Users/runner/work/_temp/DerivedData/Build/Products/ReleaseLocal/Ghostty.swiftmodule/arm64-apple-macos.swiftdoc

Copy /Users/runner/work/_temp/DerivedData/Build/Products/ReleaseLocal/Ghostty.swiftmodule/arm64-apple-macos.abi.json /Users/runner/work/_temp/DerivedData/Build/Intermediates.noindex/Ghostty.build/ReleaseLocal/Ghostty.build/Objects-normal/arm64/Ghostty.abi.json (in target 'Ghostty' from project 'Ghostty')
    cd /Users/runner/work/ghostty-pixel-scroll/ghostty-pixel-scroll/macos
    builtin-copy -exclude .DS_Store -exclude CVS -exclude .svn -exclude .git -exclude .hg -resolve-src-symlinks -rename /Users/runner/work/_temp/DerivedData/Build/Intermediates.noindex/Ghostty.build/ReleaseLocal/Ghostty.build/Objects-normal/arm64/Ghostty.abi.json /Users/runner/work/_temp/DerivedData/Build/Products/ReleaseLocal/Ghostty.swiftmodule/arm64-apple-macos.abi.json

Copy /Users/runner/work/_temp/DerivedData/Build/Products/ReleaseLocal/Ghostty.swiftmodule/Project/arm64-apple-macos.swiftsourceinfo /Users/runner/work/_temp/DerivedData/Build/Intermediates.noindex/Ghostty.build/ReleaseLocal/Ghostty.build/Objects-normal/arm64/Ghostty.swiftsourceinfo (in target 'Ghostty' from project 'Ghostty')
    cd /Users/runner/work/ghostty-pixel-scroll/ghostty-pixel-scroll/macos
    builtin-copy -exclude .DS_Store -exclude CVS -exclude .svn -exclude .git -exclude .hg -resolve-src-symlinks -rename /Users/runner/work/_temp/DerivedData/Build/Intermediates.noindex/Ghostty.build/ReleaseLocal/Ghostty.build/Objects-normal/arm64/Ghostty.swiftsourceinfo /Users/runner/work/_temp/DerivedData/Build/Products/ReleaseLocal/Ghostty.swiftmodule/Project/arm64-apple-macos.swiftsourceinfo

ScanDependencies /Users/runner/work/_temp/DerivedData/Build/Intermediates.noindex/Ghostty.build/ReleaseLocal/Ghostty.build/Objects-normal/arm64/VibrantLayer.o /Users/runner/work/ghostty-pixel-scroll/ghostty-pixel-scroll/macos/Sources/Helpers/VibrantLayer.m normal arm64 objective-c com.apple.compilers.llvm.clang.1_0.compiler (in target 'Ghostty' from project 'Ghostty')
    cd /Users/runner/work/ghostty-pixel-scroll/ghostty-pixel-scroll/macos
    
    Using response file: /Users/runner/work/_temp/DerivedData/Build/Intermediates.noindex/Ghostty.build/ReleaseLocal/Ghostty.build/Objects-normal/arm64/e6072d4f65d7061329687fe24e3d63a7-common-args.resp
    
    builtin-ScanDependencies -o /Users/runner/work/_temp/DerivedData/Build/Intermediates.noindex/Ghostty.build/ReleaseLocal/Ghostty.build/Objects-normal/arm64/VibrantLayer.o.scan -- /Applications/Xcode_26.6.app/Contents/Developer/Toolchains/XcodeDefault.xctoolchain/usr/bin/clang -x objective-c -ivfsstatcache /Users/runner/work/_temp/DerivedData/SDKStatCaches.noindex/macosx26.5-25F70-688ef53f1462e2c8f657fdc38a81448fee0e6409aa6676c5e6c013d148225433.sdkstatcache -target arm64-apple-macos13.0 -fmessage-length\=0 -fdiagnostics-show-note-include-stack -fmacro-backtrace-limit\=0 -fno-color-diagnostics -fmodules-prune-interval\=86400 -fmodules-prune-after\=345600 -fbuild-session-file\=/Users/runner/work/_temp/DerivedData/ModuleCache.noindex/Session.modulevalidation -fmodules-validate-once-per-build-session -Wnon-modular-include-in-framework-module -Werror\=non-modular-include-in-framework-module -Wno-trigraphs -Wno-missing-field-initializers -Wno-missing-prototypes -Werror\=return-type -Wdocumentation -Wunreachable-code -Wquoted-include-in-framework-header -Wno-implicit-atomic-properties -Werror\=deprecated-objc-isa-usage -Wno-objc-interface-ivars -Werror\=objc-root-class -Wno-arc-repeated-use-of-weak -Wimplicit-retain-self -Wduplicate-method-match -Wno-missing-braces -Wparentheses -Wswitch -Wunused-function -Wno-unused-label -Wno-unused-parameter -Wunused-variable -Wunused-value -Wempty-body -Wuninitialized -Wconditional-uninitialized -Wno-unknown-pragmas -Wno-shadow -Wno-four-char-constants -Wno-conversion -Wconstant-conversion -Wint-conversion -Wbool-conversion -Wenum-conversion -Wno-float-conversion -Wnon-literal-null-conversion -Wobjc-literal-conversion -Wshorten-64-to-32 -Wpointer-sign -Wno-newline-eof -Wno-selector -Wno-strict-selector-match -Wundeclared-selector -Wdeprecated-implementations -Wno-implicit-fallthrough -isysroot /Applications/Xcode_26.6.app/Contents/Developer/Platforms/MacOSX.platform/Developer/SDKs/MacOSX26.5.sdk -fstrict-aliasing -Wprotocol -Wdeprecated-declarations -Wno-sign-conversion -Winfinite-recursion -Wcomma -Wblock-capture-autoreleasing -Wstrict-prototypes -Wno-semicolon-before-method-body -Wunguarded-availability @/Users/runner/work/_temp/DerivedData/Build/Intermediates.noindex/Ghostty.build/ReleaseLocal/Ghostty.build/Objects-normal/arm64/e6072d4f65d7061329687fe24e3d63a7-common-args.resp -MMD -MT dependencies -MF /Users/runner/work/_temp/DerivedData/Build/Intermediates.noindex/Ghostty.build/ReleaseLocal/Ghostty.build/Objects-normal/arm64/VibrantLayer.d --serialize-diagnostics /Users/runner/work/_temp/DerivedData/Build/Intermediates.noindex/Ghostty.build/ReleaseLocal/Ghostty.build/Objects-normal/arm64/VibrantLayer.dia -c /Users/runner/work/ghostty-pixel-scroll/ghostty-pixel-scroll/macos/Sources/Helpers/VibrantLayer.m -o /Users/runner/work/_temp/DerivedData/Build/Intermediates.noindex/Ghostty.build/ReleaseLocal/Ghostty.build/Objects-normal/arm64/VibrantLayer.o -Xclang -fcas-backend -mllvm -cas-friendly-debug-info

ScanDependencies /Users/runner/work/_temp/DerivedData/Build/Intermediates.noindex/Ghostty.build/ReleaseLocal/Ghostty.build/Objects-normal/arm64/ObjCExceptionCatcher.o /Users/runner/work/ghostty-pixel-scroll/ghostty-pixel-scroll/macos/Sources/Helpers/ObjCExceptionCatcher.m normal arm64 objective-c com.apple.compilers.llvm.clang.1_0.compiler (in target 'Ghostty' from project 'Ghostty')
    cd /Users/runner/work/ghostty-pixel-scroll/ghostty-pixel-scroll/macos
    
    Using response file: /Users/runner/work/_temp/DerivedData/Build/Intermediates.noindex/Ghostty.build/ReleaseLocal/Ghostty.build/Objects-normal/arm64/e6072d4f65d7061329687fe24e3d63a7-common-args.resp
    
    builtin-ScanDependencies -o /Users/runner/work/_temp/DerivedData/Build/Intermediates.noindex/Ghostty.build/ReleaseLocal/Ghostty.build/Objects-normal/arm64/ObjCExceptionCatcher.o.scan -- /Applications/Xcode_26.6.app/Contents/Developer/Toolchains/XcodeDefault.xctoolchain/usr/bin/clang -x objective-c -ivfsstatcache /Users/runner/work/_temp/DerivedData/SDKStatCaches.noindex/macosx26.5-25F70-688ef53f1462e2c8f657fdc38a81448fee0e6409aa6676c5e6c013d148225433.sdkstatcache -target arm64-apple-macos13.0 -fmessage-length\=0 -fdiagnostics-show-note-include-stack -fmacro-backtrace-limit\=0 -fno-color-diagnostics -fmodules-prune-interval\=86400 -fmodules-prune-after\=345600 -fbuild-session-file\=/Users/runner/work/_temp/DerivedData/ModuleCache.noindex/Session.modulevalidation -fmodules-validate-once-per-build-session -Wnon-modular-include-in-framework-module -Werror\=non-modular-include-in-framework-module -Wno-trigraphs -Wno-missing-field-initializers -Wno-missing-prototypes -Werror\=return-type -Wdocumentation -Wunreachable-code -Wquoted-include-in-framework-header -Wno-implicit-atomic-properties -Werror\=deprecated-objc-isa-usage -Wno-objc-interface-ivars -Werror\=objc-root-class -Wno-arc-repeated-use-of-weak -Wimplicit-retain-self -Wduplicate-method-match -Wno-missing-braces -Wparentheses -Wswitch -Wunused-function -Wno-unused-label -Wno-unused-parameter -Wunused-variable -Wunused-value -Wempty-body -Wuninitialized -Wconditional-uninitialized -Wno-unknown-pragmas -Wno-shadow -Wno-four-char-constants -Wno-conversion -Wconstant-conversion -Wint-conversion -Wbool-conversion -Wenum-conversion -Wno-float-conversion -Wnon-literal-null-conversion -Wobjc-literal-conversion -Wshorten-64-to-32 -Wpointer-sign -Wno-newline-eof -Wno-selector -Wno-strict-selector-match -Wundeclared-selector -Wdeprecated-implementations -Wno-implicit-fallthrough -isysroot /Applications/Xcode_26.6.app/Contents/Developer/Platforms/MacOSX.platform/Developer/SDKs/MacOSX26.5.sdk -fstrict-aliasing -Wprotocol -Wdeprecated-declarations -Wno-sign-conversion -Winfinite-recursion -Wcomma -Wblock-capture-autoreleasing -Wstrict-prototypes -Wno-semicolon-before-method-body -Wunguarded-availability @/Users/runner/work/_temp/DerivedData/Build/Intermediates.noindex/Ghostty.build/ReleaseLocal/Ghostty.build/Objects-normal/arm64/e6072d4f65d7061329687fe24e3d63a7-common-args.resp -MMD -MT dependencies -MF /Users/runner/work/_temp/DerivedData/Build/Intermediates.noindex/Ghostty.build/ReleaseLocal/Ghostty.build/Objects-normal/arm64/ObjCExceptionCatcher.d --serialize-diagnostics /Users/runner/work/_temp/DerivedData/Build/Intermediates.noindex/Ghostty.build/ReleaseLocal/Ghostty.build/Objects-normal/arm64/ObjCExceptionCatcher.dia -c /Users/runner/work/ghostty-pixel-scroll/ghostty-pixel-scroll/macos/Sources/Helpers/ObjCExceptionCatcher.m -o /Users/runner/work/_temp/DerivedData/Build/Intermediates.noindex/Ghostty.build/ReleaseLocal/Ghostty.build/Objects-normal/arm64/ObjCExceptionCatcher.o -Xclang -fcas-backend -mllvm -cas-friendly-debug-info

PrecompileModule /Users/runner/work/_temp/DerivedData/Build/Intermediates.noindex/ExplicitPrecompiledModules/_Builtin_stdarg-3JA31I03HWQ8WC1PDAOOW1Y3V.scan
    cd /
    builtin-precompileModule /Users/runner/work/_temp/DerivedData/Build/Intermediates.noindex/ExplicitPrecompiledModules/_Builtin_stdarg-3JA31I03HWQ8WC1PDAOOW1Y3V.scan
Cache hit

PrecompileModule /Users/runner/work/_temp/DerivedData/Build/Intermediates.noindex/ExplicitPrecompiledModules/_Builtin_stddef-D62Z6VMABH2KQ1X8IZ0M7FLT1.scan
    cd /
    builtin-precompileModule /Users/runner/work/_temp/DerivedData/Build/Intermediates.noindex/ExplicitPrecompiledModules/_Builtin_stddef-D62Z6VMABH2KQ1X8IZ0M7FLT1.scan
Cache hit

PrecompileModule /Users/runner/work/_temp/DerivedData/Build/Intermediates.noindex/ExplicitPrecompiledModules/_AvailabilityInternal-7U3ZX9N7V4AI8PBKRNGG1VIH8.scan
    cd /
    builtin-precompileModule /Users/runner/work/_temp/DerivedData/Build/Intermediates.noindex/ExplicitPrecompiledModules/_AvailabilityInternal-7U3ZX9N7V4AI8PBKRNGG1VIH8.scan
Cache hit

PrecompileModule /Users/runner/work/_temp/DerivedData/Build/Intermediates.noindex/ExplicitPrecompiledModules/_Builtin_stdbool-A1S4BCY4GYDCATIF4MN8OKXXZ.scan
    cd /
    builtin-precompileModule /Users/runner/work/_temp/DerivedData/Build/Intermediates.noindex/ExplicitPrecompiledModules/_Builtin_stdbool-A1S4BCY4GYDCATIF4MN8OKXXZ.scan
Cache hit

PrecompileModule /Users/runner/work/_temp/DerivedData/Build/Intermediates.noindex/ExplicitPrecompiledModules/_Builtin_float-9DFVVT9LBVN04L02PJMCMCPF4.scan
    cd /
    builtin-precompileModule /Users/runner/work/_temp/DerivedData/Build/Intermediates.noindex/ExplicitPrecompiledModules/_Builtin_float-9DFVVT9LBVN04L02PJMCMCPF4.scan
Cache hit

PrecompileModule /Users/runner/work/_temp/DerivedData/Build/Intermediates.noindex/ExplicitPrecompiledModules/ptrauth-5YGSNH87KR6U9AJ2YMELAKPTH.scan
    cd /
    builtin-precompileModule /Users/runner/work/_temp/DerivedData/Build/Intermediates.noindex/ExplicitPrecompiledModules/ptrauth-5YGSNH87KR6U9AJ2YMELAKPTH.scan
Cache hit

PrecompileModule /Users/runner/work/_temp/DerivedData/Build/Intermediates.noindex/ExplicitPrecompiledModules/ptrcheck-XHP7N8FWONYAK5UNV7KMW90A.scan
    cd /
    builtin-precompileModule /Users/runner/work/_temp/DerivedData/Build/Intermediates.noindex/ExplicitPrecompiledModules/ptrcheck-XHP7N8FWONYAK5UNV7KMW90A.scan
Cache hit

PrecompileModule /Users/runner/work/_temp/DerivedData/Build/Intermediates.noindex/ExplicitPrecompiledModules/_DarwinFoundation1-7AEUZQX7V6BBZJ1AQX2EVHZKS.scan
    cd /
    builtin-precompileModule /Users/runner/work/_temp/DerivedData/Build/Intermediates.noindex/ExplicitPrecompiledModules/_DarwinFoundation1-7AEUZQX7V6BBZJ1AQX2EVHZKS.scan
Cache hit

PrecompileModule /Users/runner/work/_temp/DerivedData/Build/Intermediates.noindex/ExplicitPrecompiledModules/_DarwinFoundation2-3D52T6ONFXZ3943DBQF6DE97J.scan
    cd /
    builtin-precompileModule /Users/runner/work/_temp/DerivedData/Build/Intermediates.noindex/ExplicitPrecompiledModules/_DarwinFoundation2-3D52T6ONFXZ3943DBQF6DE97J.scan
Cache hit

PrecompileModule /Users/runner/work/_temp/DerivedData/Build/Intermediates.noindex/ExplicitPrecompiledModules/_Builtin_limits-CKTQKCSGMMKGYU5T5CS4VS01.scan
    cd /
    builtin-precompileModule /Users/runner/work/_temp/DerivedData/Build/Intermediates.noindex/ExplicitPrecompiledModules/_Builtin_limits-CKTQKCSGMMKGYU5T5CS4VS01.scan
Cache hit

PrecompileModule /Users/runner/work/_temp/DerivedData/Build/Intermediates.noindex/ExplicitPrecompiledModules/_Builtin_stdint-3N3P1SFDOLMSG1W5T5H0C4EWQ.scan
    cd /
    builtin-precompileModule /Users/runner/work/_temp/DerivedData/Build/Intermediates.noindex/ExplicitPrecompiledModules/_Builtin_stdint-3N3P1SFDOLMSG1W5T5H0C4EWQ.scan
Cache hit

PrecompileModule /Users/runner/work/_temp/DerivedData/Build/Intermediates.noindex/ExplicitPrecompiledModules/OpenGL-19UVSNWTWLBUIAZVG1PLCYC1A.scan
    cd /
    builtin-precompileModule /Users/runner/work/_temp/DerivedData/Build/Intermediates.noindex/ExplicitPrecompiledModules/OpenGL-19UVSNWTWLBUIAZVG1PLCYC1A.scan
Cache hit

PrecompileModule /Users/runner/work/_temp/DerivedData/Build/Intermediates.noindex/ExplicitPrecompiledModules/libDER-1UQU29J739ALRP3QJGYSKOKFP.scan
    cd /
    builtin-precompileModule /Users/runner/work/_temp/DerivedData/Build/Intermediates.noindex/ExplicitPrecompiledModules/libDER-1UQU29J739ALRP3QJGYSKOKFP.scan
Cache hit

PrecompileModule /Users/runner/work/_temp/DerivedData/Build/Intermediates.noindex/ExplicitPrecompiledModules/_DarwinFoundation3-TRLU8KN2PTVYHYDECGFFRMGZ.scan
    cd /
    builtin-precompileModule /Users/runner/work/_temp/DerivedData/Build/Intermediates.noindex/ExplicitPrecompiledModules/_DarwinFoundation3-TRLU8KN2PTVYHYDECGFFRMGZ.scan
Cache hit

PrecompileModule /Users/runner/work/_temp/DerivedData/Build/Intermediates.noindex/ExplicitPrecompiledModules/_Builtin_inttypes-E578HM3GA5UGL9TM41XMASJB3.scan
    cd /
    builtin-precompileModule /Users/runner/work/_temp/DerivedData/Build/Intermediates.noindex/ExplicitPrecompiledModules/_Builtin_inttypes-E578HM3GA5UGL9TM41XMASJB3.scan
Cache hit

PrecompileModule /Users/runner/work/_temp/DerivedData/Build/Intermediates.noindex/ExplicitPrecompiledModules/Darwin-1YDFYAV2I4LHR0EJCGZTUKDMC.scan
    cd /
    builtin-precompileModule /Users/runner/work/_temp/DerivedData/Build/Intermediates.noindex/ExplicitPrecompiledModules/Darwin-1YDFYAV2I4LHR0EJCGZTUKDMC.scan
Cache hit

PrecompileModule /Users/runner/work/_temp/DerivedData/Build/Intermediates.noindex/ExplicitPrecompiledModules/MachO-51GAGJIDWDZ0C917CZYGCK9FW.scan
    cd /
    builtin-precompileModule /Users/runner/work/_temp/DerivedData/Build/Intermediates.noindex/ExplicitPrecompiledModules/MachO-51GAGJIDWDZ0C917CZYGCK9FW.scan
Cache hit

PrecompileModule /Users/runner/work/_temp/DerivedData/Build/Intermediates.noindex/ExplicitPrecompiledModules/CUPS-TYYLC31IBH2278VW9OO2HLFF.scan
    cd /
    builtin-precompileModule /Users/runner/work/_temp/DerivedData/Build/Intermediates.noindex/ExplicitPrecompiledModules/CUPS-TYYLC31IBH2278VW9OO2HLFF.scan
Cache hit

PrecompileModule /Users/runner/work/_temp/DerivedData/Build/Intermediates.noindex/ExplicitPrecompiledModules/libkern-DDXAM4O3F33E9B8HWCOSHAKAR.scan
    cd /
    builtin-precompileModule /Users/runner/work/_temp/DerivedData/Build/Intermediates.noindex/ExplicitPrecompiledModules/libkern-DDXAM4O3F33E9B8HWCOSHAKAR.scan
Cache hit

PrecompileModule /Users/runner/work/_temp/DerivedData/Build/Intermediates.noindex/ExplicitPrecompiledModules/launch-AEEI6SPHVBB326OPSTKKT0K91.scan
    cd /
    builtin-precompileModule /Users/runner/work/_temp/DerivedData/Build/Intermediates.noindex/ExplicitPrecompiledModules/launch-AEEI6SPHVBB326OPSTKKT0K91.scan
Cache hit

PrecompileModule /Users/runner/work/_temp/DerivedData/Build/Intermediates.noindex/ExplicitPrecompiledModules/ObjectiveC-56UE5NQCYLFW459FP2UT42IJG.scan
    cd /
    builtin-precompileModule /Users/runner/work/_temp/DerivedData/Build/Intermediates.noindex/ExplicitPrecompiledModules/ObjectiveC-56UE5NQCYLFW459FP2UT42IJG.scan
Cache hit

PrecompileModule /Users/runner/work/_temp/DerivedData/Build/Intermediates.noindex/ExplicitPrecompiledModules/os_object-3WRW3F8XH88L0737F1AOHT3D.scan
    cd /
    builtin-precompileModule /Users/runner/work/_temp/DerivedData/Build/Intermediates.noindex/ExplicitPrecompiledModules/os_object-3WRW3F8XH88L0737F1AOHT3D.scan
Cache hit

PrecompileModule /Users/runner/work/_temp/DerivedData/Build/Intermediates.noindex/ExplicitPrecompiledModules/os_workgroup-VTAB5DB1595LQNTL37II6TSI.scan
    cd /
    builtin-precompileModule /Users/runner/work/_temp/DerivedData/Build/Intermediates.noindex/ExplicitPrecompiledModules/os_workgroup-VTAB5DB1595LQNTL37II6TSI.scan
Cache hit

PrecompileModule /Users/runner/work/_temp/DerivedData/Build/Intermediates.noindex/ExplicitPrecompiledModules/Dispatch-67D5TGYSTV504HZ789NURMZRM.scan
    cd /
    builtin-precompileModule /Users/runner/work/_temp/DerivedData/Build/Intermediates.noindex/ExplicitPrecompiledModules/Dispatch-67D5TGYSTV504HZ789NURMZRM.scan
Cache hit

PrecompileModule /Users/runner/work/_temp/DerivedData/Build/Intermediates.noindex/ExplicitPrecompiledModules/CoreFoundation-8MTKIJUTCGUDJ9XMB4ZSPLYT4.scan
    cd /
    builtin-precompileModule /Users/runner/work/_temp/DerivedData/Build/Intermediates.noindex/ExplicitPrecompiledModules/CoreFoundation-8MTKIJUTCGUDJ9XMB4ZSPLYT4.scan
Cache hit

PrecompileModule /Users/runner/work/_temp/DerivedData/Build/Intermediates.noindex/ExplicitPrecompiledModules/XPC-7T1VOTC3SGL0LOQKZE7OJF11L.scan
    cd /
    builtin-precompileModule /Users/runner/work/_temp/DerivedData/Build/Intermediates.noindex/ExplicitPrecompiledModules/XPC-7T1VOTC3SGL0LOQKZE7OJF11L.scan
Cache hit

PrecompileModule /Users/runner/work/_temp/DerivedData/Build/Intermediates.noindex/ExplicitPrecompiledModules/CFNetwork-7N6LSH5EL4RTHBHB8Z6VH80KK.scan
    cd /
    builtin-precompileModule /Users/runner/work/_temp/DerivedData/Build/Intermediates.noindex/ExplicitPrecompiledModules/CFNetwork-7N6LSH5EL4RTHBHB8Z6VH80KK.scan
Cache hit

PrecompileModule /Users/runner/work/_temp/DerivedData/Build/Intermediates.noindex/ExplicitPrecompiledModules/Security-BDFWOQU74P90RJ5X1DMBRTTK1.scan
    cd /
    builtin-precompileModule /Users/runner/work/_temp/DerivedData/Build/Intermediates.noindex/ExplicitPrecompiledModules/Security-BDFWOQU74P90RJ5X1DMBRTTK1.scan
Cache hit

PrecompileModule /Users/runner/work/_temp/DerivedData/Build/Intermediates.noindex/ExplicitPrecompiledModules/IOKit-BWF1D9G36VBHYIL6B473SJQ30.scan
    cd /
    builtin-precompileModule /Users/runner/work/_temp/DerivedData/Build/Intermediates.noindex/ExplicitPrecompiledModules/IOKit-BWF1D9G36VBHYIL6B473SJQ30.scan
Cache hit

PrecompileModule /Users/runner/work/_temp/DerivedData/Build/Intermediates.noindex/ExplicitPrecompiledModules/ColorSync-CQ6KP8MZN10BIEK8DDF1UJCLK.scan
    cd /
    builtin-precompileModule /Users/runner/work/_temp/DerivedData/Build/Intermediates.noindex/ExplicitPrecompiledModules/ColorSync-CQ6KP8MZN10BIEK8DDF1UJCLK.scan
Cache hit

PrecompileModule /Users/runner/work/_temp/DerivedData/Build/Intermediates.noindex/ExplicitPrecompiledModules/CoreGraphics-9SGBRAAKPHGOH1N4OG9WSB8S7.scan
    cd /
    builtin-precompileModule /Users/runner/work/_temp/DerivedData/Build/Intermediates.noindex/ExplicitPrecompiledModules/CoreGraphics-9SGBRAAKPHGOH1N4OG9WSB8S7.scan
Cache hit

PrecompileModule /Users/runner/work/_temp/DerivedData/Build/Intermediates.noindex/ExplicitPrecompiledModules/DiskArbitration-5JPNF0K1E2XHWDZU3RDSWY268.scan
    cd /
    builtin-precompileModule /Users/runner/work/_temp/DerivedData/Build/Intermediates.noindex/ExplicitPrecompiledModules/DiskArbitration-5JPNF0K1E2XHWDZU3RDSWY268.scan
Cache hit

PrecompileModule /Users/runner/work/_temp/DerivedData/Build/Intermediates.noindex/ExplicitPrecompiledModules/CoreText-5JHMTL6EFSL59SBFT7PDYZL4H.scan
    cd /
    builtin-precompileModule /Users/runner/work/_temp/DerivedData/Build/Intermediates.noindex/ExplicitPrecompiledModules/CoreText-5JHMTL6EFSL59SBFT7PDYZL4H.scan
Cache hit

PrecompileModule /Users/runner/work/_temp/DerivedData/Build/Intermediates.noindex/ExplicitPrecompiledModules/ImageIO-8ATX0VZMN1TQU82YMFN7WURB.scan
    cd /
    builtin-precompileModule /Users/runner/work/_temp/DerivedData/Build/Intermediates.noindex/ExplicitPrecompiledModules/ImageIO-8ATX0VZMN1TQU82YMFN7WURB.scan
Cache hit

PrecompileModule /Users/runner/work/_temp/DerivedData/Build/Intermediates.noindex/ExplicitPrecompiledModules/CoreServices-1PUO0L5CK2E4TXOHKMRF7FXQA.scan
    cd /
    builtin-precompileModule /Users/runner/work/_temp/DerivedData/Build/Intermediates.noindex/ExplicitPrecompiledModules/CoreServices-1PUO0L5CK2E4TXOHKMRF7FXQA.scan
Cache hit

PrecompileModule /Users/runner/work/_temp/DerivedData/Build/Intermediates.noindex/ExplicitPrecompiledModules/Foundation-CFWV052IOXOUKCG0JX21JEMW5.scan
    cd /
    builtin-precompileModule /Users/runner/work/_temp/DerivedData/Build/Intermediates.noindex/ExplicitPrecompiledModules/Foundation-CFWV052IOXOUKCG0JX21JEMW5.scan
Cache hit

PrecompileModule /Users/runner/work/_temp/DerivedData/Build/Intermediates.noindex/ExplicitPrecompiledModules/_LocationEssentials-2KTQGLMRCXPETP5XOKKEZQL5O.scan
    cd /
    builtin-precompileModule /Users/runner/work/_temp/DerivedData/Build/Intermediates.noindex/ExplicitPrecompiledModules/_LocationEssentials-2KTQGLMRCXPETP5XOKKEZQL5O.scan
Cache hit

PrecompileModule /Users/runner/work/_temp/DerivedData/Build/Intermediates.noindex/ExplicitPrecompiledModules/IOSurface-9W2IBJCI7N4D56VYALAA1X7O0.scan
    cd /
    builtin-precompileModule /Users/runner/work/_temp/DerivedData/Build/Intermediates.noindex/ExplicitPrecompiledModules/IOSurface-9W2IBJCI7N4D56VYALAA1X7O0.scan
Cache hit

PrecompileModule /Users/runner/work/_temp/DerivedData/Build/Intermediates.noindex/ExplicitPrecompiledModules/ApplicationServices-68GJL4O2ZX5PE4LX5DU2ZQ22O.scan
    cd /
    builtin-precompileModule /Users/runner/work/_temp/DerivedData/Build/Intermediates.noindex/ExplicitPrecompiledModules/ApplicationServices-68GJL4O2ZX5PE4LX5DU2ZQ22O.scan
Cache hit

PrecompileModule /Users/runner/work/_temp/DerivedData/Build/Intermediates.noindex/ExplicitPrecompiledModules/CoreLocation-DB5HTBVZYV9U4CJTUIDICHIN3.scan
    cd /
    builtin-precompileModule /Users/runner/work/_temp/DerivedData/Build/Intermediates.noindex/ExplicitPrecompiledModules/CoreLocation-DB5HTBVZYV9U4CJTUIDICHIN3.scan
Cache hit

PrecompileModule /Users/runner/work/_temp/DerivedData/Build/Intermediates.noindex/ExplicitPrecompiledModules/Metal-DNQA8PUGPN20WXT0I10EHBBMH.scan
    cd /
    builtin-precompileModule /Users/runner/work/_temp/DerivedData/Build/Intermediates.noindex/ExplicitPrecompiledModules/Metal-DNQA8PUGPN20WXT0I10EHBBMH.scan
Cache hit

PrecompileModule /Users/runner/work/_temp/DerivedData/Build/Intermediates.noindex/ExplicitPrecompiledModules/CloudKit-BMINS87320DZXBUSUIO28S2J2.scan
    cd /
    builtin-precompileModule /Users/runner/work/_temp/DerivedData/Build/Intermediates.noindex/ExplicitPrecompiledModules/CloudKit-BMINS87320DZXBUSUIO28S2J2.scan
Cache hit

PrecompileModule /Users/runner/work/_temp/DerivedData/Build/Intermediates.noindex/ExplicitPrecompiledModules/Symbols-GMN6KXBP7GTJA5QZFT11CNZA.scan
    cd /
    builtin-precompileModule /Users/runner/work/_temp/DerivedData/Build/Intermediates.noindex/ExplicitPrecompiledModules/Symbols-GMN6KXBP7GTJA5QZFT11CNZA.scan
Cache hit

PrecompileModule /Users/runner/work/_temp/DerivedData/Build/Intermediates.noindex/ExplicitPrecompiledModules/CoreData-BQRYY65QRAXW0ATNK3OLYRWTP.scan
    cd /
    builtin-precompileModule /Users/runner/work/_temp/DerivedData/Build/Intermediates.noindex/ExplicitPrecompiledModules/CoreData-BQRYY65QRAXW0ATNK3OLYRWTP.scan
Cache hit

PrecompileModule /Users/runner/work/_temp/DerivedData/Build/Intermediates.noindex/ExplicitPrecompiledModules/CoreVideo-8HJ1D7X3WOMQJHNK38GX2UL8A.scan
    cd /
    builtin-precompileModule /Users/runner/work/_temp/DerivedData/Build/Intermediates.noindex/ExplicitPrecompiledModules/CoreVideo-8HJ1D7X3WOMQJHNK38GX2UL8A.scan
Cache hit

LinkAssetCatalog /Users/runner/work/ghostty-pixel-scroll/ghostty-pixel-scroll/images/Ghostty.icon /Users/runner/work/ghostty-pixel-scroll/ghostty-pixel-scroll/macos/Assets.xcassets (in target 'Ghostty' from project 'Ghostty')
    cd /Users/runner/work/ghostty-pixel-scroll/ghostty-pixel-scroll/macos
    builtin-linkAssetCatalog --thinned /Users/runner/work/_temp/DerivedData/Build/Intermediates.noindex/Ghostty.build/ReleaseLocal/Ghostty.build/assetcatalog_output/thinned --thinned-dependencies /Users/runner/work/_temp/DerivedData/Build/Intermediates.noindex/Ghostty.build/ReleaseLocal/Ghostty.build/assetcatalog_dependencies_thinned --thinned-info-plist-content /Users/runner/work/_temp/DerivedData/Build/Intermediates.noindex/Ghostty.build/ReleaseLocal/Ghostty.build/assetcatalog_generated_info.plist_thinned --unthinned /Users/runner/work/_temp/DerivedData/Build/Intermediates.noindex/Ghostty.build/ReleaseLocal/Ghostty.build/assetcatalog_output/unthinned --unthinned-dependencies /Users/runner/work/_temp/DerivedData/Build/Intermediates.noindex/Ghostty.build/ReleaseLocal/Ghostty.build/assetcatalog_dependencies_unthinned --unthinned-info-plist-content /Users/runner/work/_temp/DerivedData/Build/Intermediates.noindex/Ghostty.build/ReleaseLocal/Ghostty.build/assetcatalog_generated_info.plist_unthinned --output /Users/runner/work/_temp/DerivedData/Build/Products/ReleaseLocal/Ghostty.app/Contents/Resources --plist-output /Users/runner/work/_temp/DerivedData/Build/Intermediates.noindex/Ghostty.build/ReleaseLocal/Ghostty.build/assetcatalog_generated_info.plist
note: Emplaced /Users/runner/work/_temp/DerivedData/Build/Products/ReleaseLocal/Ghostty.app/Contents/Resources/Assets.car (in target 'Ghostty' from project 'Ghostty')
note: Emplaced /Users/runner/work/_temp/DerivedData/Build/Products/ReleaseLocal/Ghostty.app/Contents/Resources/Ghostty.icns (in target 'Ghostty' from project 'Ghostty')

PrecompileModule /Users/runner/work/_temp/DerivedData/Build/Intermediates.noindex/ExplicitPrecompiledModules/CoreImage-2WF3N7DQYDW3J6ZTK7N0WNNXZ.scan
    cd /
    builtin-precompileModule /Users/runner/work/_temp/DerivedData/Build/Intermediates.noindex/ExplicitPrecompiledModules/CoreImage-2WF3N7DQYDW3J6ZTK7N0WNNXZ.scan
Cache hit

PrecompileModule /Users/runner/work/_temp/DerivedData/Build/Intermediates.noindex/ExplicitPrecompiledModules/QuartzCore-EAEEMRLU5ICWQ678VZK26P1T9.scan
    cd /
    builtin-precompileModule /Users/runner/work/_temp/DerivedData/Build/Intermediates.noindex/ExplicitPrecompiledModules/QuartzCore-EAEEMRLU5ICWQ678VZK26P1T9.scan
Cache hit

PrecompileModule /Users/runner/work/_temp/DerivedData/Build/Intermediates.noindex/ExplicitPrecompiledModules/AppKit-4R8CX9IWNX6SO45X92R8E904C.scan
    cd /
    builtin-precompileModule /Users/runner/work/_temp/DerivedData/Build/Intermediates.noindex/ExplicitPrecompiledModules/AppKit-4R8CX9IWNX6SO45X92R8E904C.scan
Cache hit

CompileC /Users/runner/work/_temp/DerivedData/Build/Intermediates.noindex/Ghostty.build/ReleaseLocal/Ghostty.build/Objects-normal/arm64/VibrantLayer.o /Users/runner/work/ghostty-pixel-scroll/ghostty-pixel-scroll/macos/Sources/Helpers/VibrantLayer.m normal arm64 objective-c com.apple.compilers.llvm.clang.1_0.compiler (in target 'Ghostty' from project 'Ghostty')
    cd /Users/runner/work/ghostty-pixel-scroll/ghostty-pixel-scroll/macos
    
    Using response file: /Users/runner/work/_temp/DerivedData/Build/Intermediates.noindex/Ghostty.build/ReleaseLocal/Ghostty.build/Objects-normal/arm64/e6072d4f65d7061329687fe24e3d63a7-common-args.resp
    
    /Applications/Xcode_26.6.app/Contents/Developer/Toolchains/XcodeDefault.xctoolchain/usr/bin/clang -x objective-c -ivfsstatcache /Users/runner/work/_temp/DerivedData/SDKStatCaches.noindex/macosx26.5-25F70-688ef53f1462e2c8f657fdc38a81448fee0e6409aa6676c5e6c013d148225433.sdkstatcache -target arm64-apple-macos13.0 -fmessage-length\=0 -fdiagnostics-show-note-include-stack -fmacro-backtrace-limit\=0 -fno-color-diagnostics -fmodules-prune-interval\=86400 -fmodules-prune-after\=345600 -fbuild-session-file\=/Users/runner/work/_temp/DerivedData/ModuleCache.noindex/Session.modulevalidation -fmodules-validate-once-per-build-session -Wnon-modular-include-in-framework-module -Werror\=non-modular-include-in-framework-module -Wno-trigraphs -Wno-missing-field-initializers -Wno-missing-prototypes -Werror\=return-type -Wdocumentation -Wunreachable-code -Wquoted-include-in-framework-header -Wno-implicit-atomic-properties -Werror\=deprecated-objc-isa-usage -Wno-objc-interface-ivars -Werror\=objc-root-class -Wno-arc-repeated-use-of-weak -Wimplicit-retain-self -Wduplicate-method-match -Wno-missing-braces -Wparentheses -Wswitch -Wunused-function -Wno-unused-label -Wno-unused-parameter -Wunused-variable -Wunused-value -Wempty-body -Wuninitialized -Wconditional-uninitialized -Wno-unknown-pragmas -Wno-shadow -Wno-four-char-constants -Wno-conversion -Wconstant-conversion -Wint-conversion -Wbool-conversion -Wenum-conversion -Wno-float-conversion -Wnon-literal-null-conversion -Wobjc-literal-conversion -Wshorten-64-to-32 -Wpointer-sign -Wno-newline-eof -Wno-selector -Wno-strict-selector-match -Wundeclared-selector -Wdeprecated-implementations -Wno-implicit-fallthrough -isysroot /Applications/Xcode_26.6.app/Contents/Developer/Platforms/MacOSX.platform/Developer/SDKs/MacOSX26.5.sdk -fstrict-aliasing -Wprotocol -Wdeprecated-declarations -Wno-sign-conversion -Winfinite-recursion -Wcomma -Wblock-capture-autoreleasing -Wstrict-prototypes -Wno-semicolon-before-method-body -Wunguarded-availability @/Users/runner/work/_temp/DerivedData/Build/Intermediates.noindex/Ghostty.build/ReleaseLocal/Ghostty.build/Objects-normal/arm64/e6072d4f65d7061329687fe24e3d63a7-common-args.resp -MMD -MT dependencies -MF /Users/runner/work/_temp/DerivedData/Build/Intermediates.noindex/Ghostty.build/ReleaseLocal/Ghostty.build/Objects-normal/arm64/VibrantLayer.d --serialize-diagnostics /Users/runner/work/_temp/DerivedData/Build/Intermediates.noindex/Ghostty.build/ReleaseLocal/Ghostty.build/Objects-normal/arm64/VibrantLayer.dia -c /Users/runner/work/ghostty-pixel-scroll/ghostty-pixel-scroll/macos/Sources/Helpers/VibrantLayer.m -o /Users/runner/work/_temp/DerivedData/Build/Intermediates.noindex/Ghostty.build/ReleaseLocal/Ghostty.build/Objects-normal/arm64/VibrantLayer.o -Xclang -fcas-backend -mllvm -cas-friendly-debug-info
Cache hit

ClangCachingPruneData /Users/runner/Library/Developer/Xcode/DerivedData/CompilationCache.noindex/builtin /Applications/Xcode_26.6.app/Contents/Developer/Toolchains/XcodeDefault.xctoolchain/usr/lib/libclang.dylib

CompileC /Users/runner/work/_temp/DerivedData/Build/Intermediates.noindex/Ghostty.build/ReleaseLocal/Ghostty.build/Objects-normal/arm64/ObjCExceptionCatcher.o /Users/runner/work/ghostty-pixel-scroll/ghostty-pixel-scroll/macos/Sources/Helpers/ObjCExceptionCatcher.m normal arm64 objective-c com.apple.compilers.llvm.clang.1_0.compiler (in target 'Ghostty' from project 'Ghostty')
    cd /Users/runner/work/ghostty-pixel-scroll/ghostty-pixel-scroll/macos
    
    Using response file: /Users/runner/work/_temp/DerivedData/Build/Intermediates.noindex/Ghostty.build/ReleaseLocal/Ghostty.build/Objects-normal/arm64/e6072d4f65d7061329687fe24e3d63a7-common-args.resp
    
    /Applications/Xcode_26.6.app/Contents/Developer/Toolchains/XcodeDefault.xctoolchain/usr/bin/clang -x objective-c -ivfsstatcache /Users/runner/work/_temp/DerivedData/SDKStatCaches.noindex/macosx26.5-25F70-688ef53f1462e2c8f657fdc38a81448fee0e6409aa6676c5e6c013d148225433.sdkstatcache -target arm64-apple-macos13.0 -fmessage-length\=0 -fdiagnostics-show-note-include-stack -fmacro-backtrace-limit\=0 -fno-color-diagnostics -fmodules-prune-interval\=86400 -fmodules-prune-after\=345600 -fbuild-session-file\=/Users/runner/work/_temp/DerivedData/ModuleCache.noindex/Session.modulevalidation -fmodules-validate-once-per-build-session -Wnon-modular-include-in-framework-module -Werror\=non-modular-include-in-framework-module -Wno-trigraphs -Wno-missing-field-initializers -Wno-missing-prototypes -Werror\=return-type -Wdocumentation -Wunreachable-code -Wquoted-include-in-framework-header -Wno-implicit-atomic-properties -Werror\=deprecated-objc-isa-usage -Wno-objc-interface-ivars -Werror\=objc-root-class -Wno-arc-repeated-use-of-weak -Wimplicit-retain-self -Wduplicate-method-match -Wno-missing-braces -Wparentheses -Wswitch -Wunused-function -Wno-unused-label -Wno-unused-parameter -Wunused-variable -Wunused-value -Wempty-body -Wuninitialized -Wconditional-uninitialized -Wno-unknown-pragmas -Wno-shadow -Wno-four-char-constants -Wno-conversion -Wconstant-conversion -Wint-conversion -Wbool-conversion -Wenum-conversion -Wno-float-conversion -Wnon-literal-null-conversion -Wobjc-literal-conversion -Wshorten-64-to-32 -Wpointer-sign -Wno-newline-eof -Wno-selector -Wno-strict-selector-match -Wundeclared-selector -Wdeprecated-implementations -Wno-implicit-fallthrough -isysroot /Applications/Xcode_26.6.app/Contents/Developer/Platforms/MacOSX.platform/Developer/SDKs/MacOSX26.5.sdk -fstrict-aliasing -Wprotocol -Wdeprecated-declarations -Wno-sign-conversion -Winfinite-recursion -Wcomma -Wblock-capture-autoreleasing -Wstrict-prototypes -Wno-semicolon-before-method-body -Wunguarded-availability @/Users/runner/work/_temp/DerivedData/Build/Intermediates.noindex/Ghostty.build/ReleaseLocal/Ghostty.build/Objects-normal/arm64/e6072d4f65d7061329687fe24e3d63a7-common-args.resp -MMD -MT dependencies -MF /Users/runner/work/_temp/DerivedData/Build/Intermediates.noindex/Ghostty.build/ReleaseLocal/Ghostty.build/Objects-normal/arm64/ObjCExceptionCatcher.d --serialize-diagnostics /Users/runner/work/_temp/DerivedData/Build/Intermediates.noindex/Ghostty.build/ReleaseLocal/Ghostty.build/Objects-normal/arm64/ObjCExceptionCatcher.dia -c /Users/runner/work/ghostty-pixel-scroll/ghostty-pixel-scroll/macos/Sources/Helpers/ObjCExceptionCatcher.m -o /Users/runner/work/_temp/DerivedData/Build/Intermediates.noindex/Ghostty.build/ReleaseLocal/Ghostty.build/Objects-normal/arm64/ObjCExceptionCatcher.o -Xclang -fcas-backend -mllvm -cas-friendly-debug-info
Cache hit

Ld /Users/runner/work/_temp/DerivedData/Build/Products/ReleaseLocal/Ghostty.app/Contents/MacOS/ghostty normal (in target 'Ghostty' from project 'Ghostty')
    cd /Users/runner/work/ghostty-pixel-scroll/ghostty-pixel-scroll/macos
    /Applications/Xcode_26.6.app/Contents/Developer/Toolchains/XcodeDefault.xctoolchain/usr/bin/clang -Xlinker -reproducible -target arm64-apple-macos13.0 -isysroot /Applications/Xcode_26.6.app/Contents/Developer/Platforms/MacOSX.platform/Developer/SDKs/MacOSX26.5.sdk -Ofast -L/Users/runner/work/_temp/DerivedData/Build/Intermediates.noindex/EagerLinkingTBDs/ReleaseLocal -L/Users/runner/work/_temp/DerivedData/Build/Products/ReleaseLocal -F/Users/runner/work/_temp/DerivedData/Build/Intermediates.noindex/EagerLinkingTBDs/ReleaseLocal -F/Users/runner/work/_temp/DerivedData/Build/Products/ReleaseLocal -filelist /Users/runner/work/_temp/DerivedData/Build/Intermediates.noindex/Ghostty.build/ReleaseLocal/Ghostty.build/Objects-normal/arm64/Ghostty.LinkFileList -Xlinker -rpath -Xlinker /usr/lib/swift -Xlinker -rpath -Xlinker @executable_path/../Frameworks -Xlinker -dead_strip -Xlinker -object_path_lto -Xlinker /Users/runner/work/_temp/DerivedData/Build/Intermediates.noindex/Ghostty.build/ReleaseLocal/Ghostty.build/Objects-normal/arm64/Ghostty_lto.o -Xlinker -debug_variant -Xlinker -dependency_info -Xlinker /Users/runner/work/_temp/DerivedData/Build/Intermediates.noindex/Ghostty.build/ReleaseLocal/Ghostty.build/Objects-normal/arm64/Ghostty_dependency_info.dat -fobjc-arc -fobjc-link-runtime -fprofile-instr-generate -L/Applications/Xcode_26.6.app/Contents/Developer/Toolchains/XcodeDefault.xctoolchain/usr/lib/swift/macosx -L/usr/lib/swift -Xlinker -add_ast_path -Xlinker /Users/runner/work/_temp/DerivedData/Build/Intermediates.noindex/Ghostty.build/ReleaseLocal/Ghostty.build/Objects-normal/arm64/Ghostty.swiftmodule @/Users/runner/work/_temp/DerivedData/Build/Intermediates.noindex/Ghostty.build/ReleaseLocal/Ghostty.build/Objects-normal/arm64/Ghostty-linker-args.resp -lstdc++ -framework Sparkle -framework Carbon -lghostty-internal -Xlinker -no_adhoc_codesign -o /Users/runner/work/_temp/DerivedData/Build/Products/ReleaseLocal/Ghostty.app/Contents/MacOS/ghostty

Copy /Users/runner/work/_temp/DerivedData/Build/Products/ReleaseLocal/Ghostty.app/Contents/PlugIns/DockTilePlugin.plugin /Users/runner/work/_temp/DerivedData/Build/Products/ReleaseLocal/DockTilePlugin.plugin (in target 'Ghostty' from project 'Ghostty')
    cd /Users/runner/work/ghostty-pixel-scroll/ghostty-pixel-scroll/macos
    builtin-copy -exclude .DS_Store -exclude CVS -exclude .svn -exclude .git -exclude .hg -exclude Headers -exclude PrivateHeaders -exclude Modules -exclude \*.tbd -resolve-src-symlinks -remove-static-executable /Users/runner/work/_temp/DerivedData/Build/Products/ReleaseLocal/DockTilePlugin.plugin /Users/runner/work/_temp/DerivedData/Build/Products/ReleaseLocal/Ghostty.app/Contents/PlugIns

ProcessInfoPlistFile /Users/runner/work/_temp/DerivedData/Build/Products/ReleaseLocal/Ghostty.app/Contents/Info.plist /Users/runner/work/_temp/DerivedData/Build/Intermediates.noindex/Ghostty.build/ReleaseLocal/Ghostty.build/Preprocessed-Info.plist (in target 'Ghostty' from project 'Ghostty')
    cd /Users/runner/work/ghostty-pixel-scroll/ghostty-pixel-scroll/macos
    builtin-infoPlistUtility /Users/runner/work/_temp/DerivedData/Build/Intermediates.noindex/Ghostty.build/ReleaseLocal/Ghostty.build/Preprocessed-Info.plist -producttype com.apple.product-type.application -genpkginfo /Users/runner/work/_temp/DerivedData/Build/Products/ReleaseLocal/Ghostty.app/Contents/PkgInfo -expandbuildsettings -platform macosx -additionalcontentfile /Users/runner/work/_temp/DerivedData/Build/Intermediates.noindex/Ghostty.build/ReleaseLocal/Ghostty.build/assetcatalog_generated_info.plist -additionalcontentfile /Users/runner/work/_temp/DerivedData/Build/Intermediates.noindex/Ghostty.build/ReleaseLocal/Ghostty.build/MainMenu-PartialInfo.plist -additionalcontentfile /Users/runner/work/_temp/DerivedData/Build/Intermediates.noindex/Ghostty.build/ReleaseLocal/Ghostty.build/About-PartialInfo.plist -additionalcontentfile /Users/runner/work/_temp/DerivedData/Build/Intermediates.noindex/Ghostty.build/ReleaseLocal/Ghostty.build/ClipboardConfirmation-PartialInfo.plist -additionalcontentfile /Users/runner/work/_temp/DerivedData/Build/Intermediates.noindex/Ghostty.build/ReleaseLocal/Ghostty.build/QuickTerminal-PartialInfo.plist -additionalcontentfile /Users/runner/work/_temp/DerivedData/Build/Intermediates.noindex/Ghostty.build/ReleaseLocal/Ghostty.build/ConfigurationErrors-PartialInfo.plist -additionalcontentfile /Users/runner/work/_temp/DerivedData/Build/Intermediates.noindex/Ghostty.build/ReleaseLocal/Ghostty.build/Terminal-PartialInfo.plist -additionalcontentfile /Users/runner/work/_temp/DerivedData/Build/Intermediates.noindex/Ghostty.build/ReleaseLocal/Ghostty.build/TerminalHiddenTitlebar-PartialInfo.plist -additionalcontentfile /Users/runner/work/_temp/DerivedData/Build/Intermediates.noindex/Ghostty.build/ReleaseLocal/Ghostty.build/TerminalTabsTitlebarTahoe-PartialInfo.plist -additionalcontentfile /Users/runner/work/_temp/DerivedData/Build/Intermediates.noindex/Ghostty.build/ReleaseLocal/Ghostty.build/TerminalTabsTitlebarVentura-PartialInfo.plist -additionalcontentfile /Users/runner/work/_temp/DerivedData/Build/Intermediates.noindex/Ghostty.build/ReleaseLocal/Ghostty.build/TerminalTransparentTitlebar-PartialInfo.plist -scanforprivacyfile /Users/runner/work/_temp/DerivedData/Build/Products/ReleaseLocal/Ghostty.app/Contents/Frameworks/Sparkle.framework -scanforprivacyfile /Users/runner/work/_temp/DerivedData/Build/Products/ReleaseLocal/Ghostty.app/Contents/PlugIns/DockTilePlugin.plugin -o /Users/runner/work/_temp/DerivedData/Build/Products/ReleaseLocal/Ghostty.app/Contents/Info.plist

CodeSign /Users/runner/work/_temp/DerivedData/Build/Products/ReleaseLocal/Ghostty.app/Contents/PlugIns/DockTilePlugin.plugin (in target 'Ghostty' from project 'Ghostty')
    cd /Users/runner/work/ghostty-pixel-scroll/ghostty-pixel-scroll/macos
    
    Signing Identity:     "Sign to Run Locally"
    
    /usr/bin/codesign --force --sign - -o runtime --timestamp\=none --preserve-metadata\=identifier,entitlements,flags --generate-entitlement-der /Users/runner/work/_temp/DerivedData/Build/Products/ReleaseLocal/Ghostty.app/Contents/PlugIns/DockTilePlugin.plugin
/Users/runner/work/_temp/DerivedData/Build/Products/ReleaseLocal/Ghostty.app/Contents/PlugIns/DockTilePlugin.plugin: replacing existing signature

GenerateDSYMFile /Users/runner/work/_temp/DerivedData/Build/Products/ReleaseLocal/Ghostty.app.dSYM /Users/runner/work/_temp/DerivedData/Build/Products/ReleaseLocal/Ghostty.app/Contents/MacOS/ghostty (in target 'Ghostty' from project 'Ghostty')
    cd /Users/runner/work/ghostty-pixel-scroll/ghostty-pixel-scroll/macos
    /Applications/Xcode_26.6.app/Contents/Developer/Toolchains/XcodeDefault.xctoolchain/usr/bin/dsymutil /Users/runner/work/_temp/DerivedData/Build/Products/ReleaseLocal/Ghostty.app/Contents/MacOS/ghostty -o /Users/runner/work/_temp/DerivedData/Build/Products/ReleaseLocal/Ghostty.app.dSYM
warning: (arm64)  could not find symbol '_ImFontConfig_ImFontConfig' in object file '/Users/runner/work/_temp/DerivedData/Build/Products/ReleaseLocal/libghostty-internal.a(ext.o)'
warning: (arm64)  could not find symbol '_ImGuiStyle_ImGuiStyle' in object file '/Users/runner/work/_temp/DerivedData/Build/Products/ReleaseLocal/libghostty-internal.a(ext.o)'

ExtractAppIntentsMetadata (in target 'Ghostty' from project 'Ghostty')
    cd /Users/runner/work/ghostty-pixel-scroll/ghostty-pixel-scroll/macos
    /Applications/Xcode_26.6.app/Contents/Developer/Toolchains/XcodeDefault.xctoolchain/usr/bin/appintentsmetadataprocessor --toolchain-dir /var/run/com.apple.security.cryptexd/mnt/com.apple.MobileAsset.MetalToolchain-v17.6.109.0.Kqw2ea/Metal.xctoolchain --module-name Ghostty --sdk-root /Applications/Xcode_26.6.app/Contents/Developer/Platforms/MacOSX.platform/Developer/SDKs/MacOSX26.5.sdk --xcode-version 17F113 --platform-family macOS --deployment-target 13.0 --bundle-identifier com.mitchellh.ghostty --output /Users/runner/work/_temp/DerivedData/Build/Products/ReleaseLocal/Ghostty.app/Contents/Resources --target-triple arm64-apple-macos13.0 --binary-file /Users/runner/work/_temp/DerivedData/Build/Products/ReleaseLocal/Ghostty.app/Contents/MacOS/ghostty --dependency-file /Users/runner/work/_temp/DerivedData/Build/Intermediates.noindex/Ghostty.build/ReleaseLocal/Ghostty.build/Objects-normal/arm64/Ghostty_dependency_info.dat --stringsdata-file /Users/runner/work/_temp/DerivedData/Build/Intermediates.noindex/Ghostty.build/ReleaseLocal/Ghostty.build/Objects-normal/arm64/ExtractedAppShortcutsMetadata.stringsdata --source-file-list /Users/runner/work/_temp/DerivedData/Build/Intermediates.noindex/Ghostty.build/ReleaseLocal/Ghostty.build/Objects-normal/arm64/Ghostty.SwiftFileList --metadata-file-list /Users/runner/work/_temp/DerivedData/Build/Intermediates.noindex/Ghostty.build/ReleaseLocal/Ghostty.build/Ghostty.DependencyMetadataFileList --static-metadata-file-list /Users/runner/work/_temp/DerivedData/Build/Intermediates.noindex/Ghostty.build/ReleaseLocal/Ghostty.build/Ghostty.DependencyStaticMetadataFileList --swift-const-vals-list /Users/runner/work/_temp/DerivedData/Build/Intermediates.noindex/Ghostty.build/ReleaseLocal/Ghostty.build/Objects-normal/arm64/Ghostty.SwiftConstValuesFileList --compile-time-extraction --deployment-aware-processing --validate-assistant-intents --no-app-shortcuts-localization
2026-09-17 17:32:49.403 appintentsmetadataprocessor[13259:44007] Starting appintentsmetadataprocessor export
2026-09-17 17:32:49.603 appintentsmetadataprocessor[13259:44007] Writing Metadata.appintents
2026-09-17 17:32:49.603 appintentsmetadataprocessor[13259:44007] Metadata root: /Users/runner/work/_temp/DerivedData/Build/Products/ReleaseLocal/Ghostty.app/Contents/Resources/Metadata.appintents

CopySwiftLibs /Users/runner/work/_temp/DerivedData/Build/Products/ReleaseLocal/Ghostty.app (in target 'Ghostty' from project 'Ghostty')
    cd /Users/runner/work/ghostty-pixel-scroll/ghostty-pixel-scroll/macos
    builtin-swiftStdLibTool --copy --verbose --sign - --scan-executable /Users/runner/work/_temp/DerivedData/Build/Products/ReleaseLocal/Ghostty.app/Contents/MacOS/ghostty --scan-folder /Users/runner/work/_temp/DerivedData/Build/Products/ReleaseLocal/Ghostty.app/Contents/Frameworks --scan-folder /Users/runner/work/_temp/DerivedData/Build/Products/ReleaseLocal/Ghostty.app/Contents/PlugIns --scan-folder /Users/runner/work/_temp/DerivedData/Build/Products/ReleaseLocal/Ghostty.app/Contents/Library/SystemExtensions --scan-folder /Users/runner/work/_temp/DerivedData/Build/Products/ReleaseLocal/Ghostty.app/Contents/Extensions --scan-folder /Applications/Xcode_26.6.app/Contents/Developer/Platforms/MacOSX.platform/Developer/SDKs/MacOSX26.5.sdk/System/Library/Frameworks/Carbon.framework --platform macosx --toolchain /var/run/com.apple.security.cryptexd/mnt/com.apple.MobileAsset.MetalToolchain-v17.6.109.0.Kqw2ea/Metal.xctoolchain --toolchain /Applications/Xcode_26.6.app/Contents/Developer/Toolchains/XcodeDefault.xctoolchain --destination /Users/runner/work/_temp/DerivedData/Build/Products/ReleaseLocal/Ghostty.app/Contents/Frameworks --strip-bitcode --strip-bitcode-tool /Applications/Xcode_26.6.app/Contents/Developer/Toolchains/XcodeDefault.xctoolchain/usr/bin/bitcode_strip --emit-dependency-info /Users/runner/work/_temp/DerivedData/Build/Intermediates.noindex/Ghostty.build/ReleaseLocal/Ghostty.build/SwiftStdLibToolInputDependencies.dep --filter-for-swift-os --back-deploy-swift-span

CodeSign /Users/runner/work/_temp/DerivedData/Build/Products/ReleaseLocal/Ghostty.app (in target 'Ghostty' from project 'Ghostty')
    cd /Users/runner/work/ghostty-pixel-scroll/ghostty-pixel-scroll/macos
    
    Signing Identity:     "Sign to Run Locally"
    
    /usr/bin/codesign --force --sign - -o runtime --entitlements /Users/runner/work/_temp/DerivedData/Build/Intermediates.noindex/Ghostty.build/ReleaseLocal/Ghostty.build/Ghostty.app.xcent --timestamp\=none --generate-entitlement-der /Users/runner/work/_temp/DerivedData/Build/Products/ReleaseLocal/Ghostty.app

RegisterExecutionPolicyException /Users/runner/work/_temp/DerivedData/Build/Products/ReleaseLocal/Ghostty.app (in target 'Ghostty' from project 'Ghostty')
    cd /Users/runner/work/ghostty-pixel-scroll/ghostty-pixel-scroll/macos
    builtin-RegisterExecutionPolicyException /Users/runner/work/_temp/DerivedData/Build/Products/ReleaseLocal/Ghostty.app

Validate /Users/runner/work/_temp/DerivedData/Build/Products/ReleaseLocal/Ghostty.app (in target 'Ghostty' from project 'Ghostty')
    cd /Users/runner/work/ghostty-pixel-scroll/ghostty-pixel-scroll/macos
    builtin-validationUtility /Users/runner/work/_temp/DerivedData/Build/Products/ReleaseLocal/Ghostty.app -no-validate-extension -infoplist-subpath Contents/Info.plist

Touch /Users/runner/work/_temp/DerivedData/Build/Products/ReleaseLocal/Ghostty.app (in target 'Ghostty' from project 'Ghostty')
    cd /Users/runner/work/ghostty-pixel-scroll/ghostty-pixel-scroll/macos
    /usr/bin/touch -c /Users/runner/work/_temp/DerivedData/Build/Products/ReleaseLocal/Ghostty.app

RegisterWithLaunchServices /Users/runner/work/_temp/DerivedData/Build/Products/ReleaseLocal/Ghostty.app (in target 'Ghostty' from project 'Ghostty')
    cd /Users/runner/work/ghostty-pixel-scroll/ghostty-pixel-scroll/macos
    /System/Library/Frameworks/CoreServices.framework/Versions/Current/Frameworks/LaunchServices.framework/Versions/Current/Support/lsregister -f -R -trusted /Users/runner/work/_temp/DerivedData/Build/Products/ReleaseLocal/Ghostty.app

CompilationCacheMetrics
note: 193 hits / 193 cacheable tasks (100%)

note: Run script build phase 'Run SwiftLint' will be run during every build because the option to run the script phase "Based on dependency analysis" is unchecked. (in target 'Ghostty' from project 'Ghostty')
** BUILD SUCCEEDED **

=== package === 17:32:55
Found: /Users/runner/work/_temp/DerivedData/Build/Products/ReleaseLocal/Ghostty.app
/Users/runner/work/_temp/DerivedData/Build/Products/ReleaseLocal/Ghostty.app: replacing existing signature
-rw-r--r--  1 runner  staff    24M Sep 17 17:32 ghostty-macos-pixel-scroll.zip
